timestamp,baseline_kw,scenario_kw
2019-04-26 23:30:00,157.10432,157.10432
2019-04-26 23:45:00,151.85426,151.85426
2019-04-27 00:00:00,147.83064,147.83064
2019-04-27 00:15:00,156.16592,156.16592
2019-04-27 00:30:00,149.06104,149.06104
2019-04-27 00:45:00,147.78079,147.78079
2019-04-27 01:15:00,151.24733,151.24733
2019-04-27 01:30:00,154.15773,154.15773
2019-04-27 01:45:00,147.64185,147.64185
2019-04-27 02:00:00,155.1013,155.1013
2019-04-27 02:15:00,147.2506,147.2506
2019-04-27 02:45:00,124.31,124.31
2019-04-27 03:00:00,156.74965,156.74965
2019-04-27 03:15:00,144.29752,144.29752
2019-04-27 03:30:00,154.20995,154.20995
2019-04-27 03:45:00,153.16194,153.16194
2019-04-27 04:00:00,157.64294,157.64294
2019-04-27 04:15:00,152.40196,152.40196
2019-04-27 04:30:00,118.93506,118.93506
2019-04-27 04:45:00,168.94675,168.94675
2019-04-27 05:00:00,157.79002,157.79002
2019-04-27 05:15:00,152.56198,152.56198
