file,floor,zone,zone_id,column,kind,expected_minutes,valid_minutes,missing_fraction,invalid_values_masked,numeric_parse_failures,zero_fraction,unique_values,minimum,median,p99,maximum,high_outlier_flags,constant_run_pairs
2018Floor1.csv,1,1,F1-Z1,z1_Light(kW),light,264960,263499,0.005514039855072483,0,0,0.12525284725938238,2476,0.0,0.02,44.92,134.97,35,54840
2018Floor1.csv,1,1,F1-Z1,z1_Plug(kW),plug,264960,264474,0.0018342391304347894,0,0,0.005418301988097129,2914,0.0,0.87,20.29,57.86,53607,54351
2018Floor1.csv,1,2,F1-Z2,z2_AC1(kW),ac,264960,263442,0.005729166666666674,0,0,0.0,5305,0.01,44.28,52.33,131.55,0,40584
2018Floor1.csv,1,2,F1-Z2,z2_AC2(kW),ac,264960,263503,0.005498943236714959,0,0,0.0035711168373794605,3979,0.0,0.02,39.97,798.72,53616,148209
2018Floor1.csv,1,2,F1-Z2,z2_AC3(kW),ac,264960,263503,0.005498943236714959,0,0,0.1295431171561614,6,0.0,0.01,0.02,24.95,16703,165869
2018Floor1.csv,1,2,F1-Z2,z2_AC4(kW),ac,264960,263503,0.005498943236714959,0,0,0.4417293161747684,7,0.0,0.01,0.03,0.06,13,88119
2018Floor1.csv,1,2,F1-Z2,z2_Light(kW),light,264960,263526,0.005412137681159446,0,0,3.4152227863664306e-05,2565,0.0,14.8,28.82,55.28,3230,28372
2018Floor1.csv,1,2,F1-Z2,z2_Plug(kW),plug,264960,235125,0.11260190217391308,0,0,8.506113769271664e-06,2510,0.0,15.89,19.71,55.12,1117,6545
2018Floor1.csv,1,3,F1-Z3,z3_Light(kW),light,264960,264446,0.0019399154589372358,0,0,2.268894216588642e-05,7953,0.0,20.77,76.92,4762.43,5071,26200
2018Floor1.csv,1,3,F1-Z3,z3_Plug(kW),plug,264960,263503,0.005498943236714959,0,0,6.831041771820435e-05,514,0.0,0.92,2.7,22.22,221,103504
2018Floor1.csv,1,4,F1-Z4,z4_Light(kW),light,264960,264445,0.0019436896135265336,0,0,0.0003176463914991775,5918,0.0,9.91,59.31,512.01,1,31696
2018Floor2.csv,2,1,F2-Z1,z1_AC1(kW),ac,264960,264486,0.0017889492753623282,0,0,0.6831703757476766,3491,0.0,0.0,38.98,59.61,0,181419
2018Floor2.csv,2,1,F2-Z1,z1_Light(kW),light,264960,264525,0.0016417572463768293,0,0,0.0002003591342973254,1060,0.0,0.01,9.13,11.11,0,158093
2018Floor2.csv,2,1,F2-Z1,z1_Plug(kW),plug,264960,264523,0.0016493055555555358,0,0,4.536467528343471e-05,502,0.0,0.22,4.07,5.21,0,142784
2018Floor2.csv,2,1,F2-Z1,z1_S1(degC),temperature,264960,101930,0.615300422705314,0,0,0.0,827,21.26,26.77,29.66,30.9,0,48131
2018Floor2.csv,2,1,F2-Z1,z1_S1(RH%),humidity,264960,101930,0.615300422705314,0,0,0.0,2119,46.28,56.54,67.49,72.8,0,17888
2018Floor2.csv,2,1,F2-Z1,z1_S1(lux),lux,264960,101930,0.615300422705314,0,0,0.48166388698126167,97,0.0,2.0,87.0,96.0,0,87878
2018Floor2.csv,2,2,F2-Z2,z2_AC1(kW),ac,264960,264374,0.002211654589372003,0,0,0.27724738438726954,2479,0.0,1.02,28.61,50.72,9664,91578
2018Floor2.csv,2,2,F2-Z2,z2_AC2(kW),ac,264960,264520,0.0016606280193236511,0,0,0.24196280054438227,153,0.0,0.98,1.28,1.52,0,156241
2018Floor2.csv,2,2,F2-Z2,z2_AC3(kW),ac,264960,264520,0.0016606280193236511,0,0,0.46559050355360654,120,0.0,0.72,0.99,1.19,0,161067
2018Floor2.csv,2,2,F2-Z2,z2_AC4(kW),ac,264960,264520,0.0016606280193236511,0,0,0.4655640405262362,134,0.0,0.81,1.1,1.39,0,161847
2018Floor2.csv,2,2,F2-Z2,z2_AC5(kW),ac,264960,264468,0.00185688405797102,0,0,0.23977948182766914,186,0.0,1.29,1.45,15.76,5,129366
2018Floor2.csv,2,2,F2-Z2,z2_AC6(kW),ac,264960,264468,0.00185688405797102,0,0,0.005369269628083549,177,0.0,0.42,1.37,9.04,4,135843
2018Floor2.csv,2,2,F2-Z2,z2_AC7(kW),ac,264960,264468,0.00185688405797102,0,0,0.2697982364596095,131,0.0,0.86,1.01,10.34,4,131274
2018Floor2.csv,2,2,F2-Z2,z2_AC8(kW),ac,264960,264468,0.00185688405797102,0,0,0.4848450474159445,133,0.0,0.16,1.03,6.46,3,143563
2018Floor2.csv,2,2,F2-Z2,z2_AC9(kW),ac,264960,264468,0.00185688405797102,0,0,0.2697868929322262,143,0.0,0.96,1.13,12.0,4,133889
2018Floor2.csv,2,2,F2-Z2,z2_AC10(kW),ac,264960,264468,0.00185688405797102,0,0,0.4812680551144184,157,0.0,0.2,1.16,7.42,3,144133
2018Floor2.csv,2,2,F2-Z2,z2_AC11(kW),ac,264960,264468,0.00185688405797102,0,0,1.0,1,0.0,0.0,0.0,0.0,0,264440
2018Floor2.csv,2,2,F2-Z2,z2_AC12(kW),ac,264960,264468,0.00185688405797102,0,0,0.9925208342786273,67,0.0,0.0,0.0,1.34,1978,263428
2018Floor2.csv,2,2,F2-Z2,z2_AC13(kW),ac,264960,264468,0.00185688405797102,0,0,0.9452826050788753,205,0.0,0.0,1.78,10.3,14471,256821
2018Floor2.csv,2,2,F2-Z2,z2_AC14(kW),ac,264960,264468,0.00185688405797102,0,0,0.9807840646127319,136,0.0,0.0,1.35,1.61,5082,261744
2018Floor2.csv,2,2,F2-Z2,z2_Light(kW),light,264960,264522,0.0016530797101449446,0,0,0.6280989860956745,311,0.0,0.0,2.62,3.3,0,229597
2018Floor2.csv,2,2,F2-Z2,z2_Plug(kW),plug,264960,264521,0.0016568538647343534,0,0,0.02655743778376764,174,0.0,0.07,0.97,2.11,1305,175605
2018Floor2.csv,2,2,F2-Z2,z2_S1(degC),temperature,264960,101672,0.616274154589372,0,0,0.0,827,21.42,28.26,30.33,30.9,0,60029
2018Floor2.csv,2,2,F2-Z2,z2_S1(RH%),humidity,264960,101672,0.616274154589372,0,0,0.0,2368,49.6,62.47,73.92,80.69,0,23431
2018Floor2.csv,2,2,F2-Z2,z2_S1(lux),lux,264960,101672,0.616274154589372,0,0,0.5590132976630734,139,0.0,0.0,124.0,138.0,0,91532
2018Floor2.csv,2,3,F2-Z3,z3_Light(kW),light,264960,264523,0.0016493055555555358,0,0,3.7803896069528926e-06,220,0.0,0.41,1.41,12.0,11,174256
2018Floor2.csv,2,3,F2-Z3,z3_Plug(kW),plug,264960,264523,0.0016493055555555358,0,0,0.0,332,0.03,0.31,2.57,3.94,7927,214200
2018Floor2.csv,2,3,F2-Z3,z3_S1(degC),temperature,264960,102551,0.612956672705314,0,0,0.0,442,25.88,29.15,30.55,30.9,0,52997
2018Floor2.csv,2,3,F2-Z3,z3_S1(RH%),humidity,264960,102551,0.612956672705314,0,0,0.0,2177,49.95,62.52,72.37,75.49,0,4540
2018Floor2.csv,2,3,F2-Z3,z3_S1(lux),lux,264960,102551,0.612956672705314,0,0,0.4637009878011916,13,0.0,1.0,9.0,12.0,0,97445
2018Floor2.csv,2,4,F2-Z4,z4_AC1(kW),ac,264960,264421,0.002034269323671456,0,0,0.7195154696487798,938,0.0,0.0,10.68,54.32,9,192593
2018Floor2.csv,2,4,F2-Z4,z4_Light(kW),light,264960,264520,0.0016606280193236511,0,0,0.6037010433993649,268,0.0,0.0,2.26,2.67,0,231240
2018Floor2.csv,2,4,F2-Z4,z4_Plug(kW),plug,264960,264521,0.0016568538647343534,0,0,1.0,1,0.0,0.0,0.0,0.0,0,264514
2018Floor2.csv,2,4,F2-Z4,z4_S1(degC),temperature,264960,0,1.0,0,0,0.0,0,,,,,0,0
2018Floor2.csv,2,4,F2-Z4,z4_S1(RH%),humidity,264960,0,1.0,0,0,0.0,0,,,,,0,0
2018Floor2.csv,2,4,F2-Z4,z4_S1(lux),lux,264960,0,1.0,0,0,0.0,0,,,,,0,0
2018Floor3.csv,3,1,F3-Z1,z1_AC1(kW),ac,264960,197931,0.25297780797101455,0,0,0.9971959925428558,46,0.0,0.0,0.0,2.35,555,197206
2018Floor3.csv,3,1,F3-Z1,z1_AC2(kW),ac,264960,197931,0.25297780797101455,0,0,0.9969534837898055,98,0.0,0.0,0.0,2.87,603,197248
2018Floor3.csv,3,1,F3-Z1,z1_AC3(kW),ac,264960,197931,0.25297780797101455,0,0,0.9955792675225205,106,0.0,0.0,0.0,2.2,875,196930
2018Floor3.csv,3,1,F3-Z1,z1_AC4(kW),ac,264960,205333,0.22504151570048314,0,0,0.00014123399550973297,1814,0.0,0.07,30.12,55.95,42128,151068
2018Floor3.csv,3,1,F3-Z1,z1_Light(kW),light,264960,205717,0.22359224033816427,0,0,0.543241443342067,712,0.0,0.0,5.78,162.24,10,144873
2018Floor3.csv,3,1,F3-Z1,z1_Plug(kW),plug,264960,205782,0.22334692028985503,0,0,0.00016036388022276,250,0.0,0.04,1.37,35.45,411,112133
2018Floor3.csv,3,1,F3-Z1,z1_S1(degC),temperature,264960,101340,0.6175271739130435,0,0,0.0,740,22.4,27.76,29.76,30.9,0,54763
2018Floor3.csv,3,1,F3-Z1,z1_S1(RH%),humidity,264960,101340,0.6175271739130435,0,0,0.0,1979,48.57,57.19,67.29,73.35,0,29628
2018Floor3.csv,3,1,F3-Z1,z1_S1(lux),lux,264960,101340,0.6175271739130435,0,0,0.49345766725873297,58,0.0,1.0,45.0,57.0,0,93652
2018Floor3.csv,3,2,F3-Z2,z2_AC1(kW),ac,264960,205338,0.2250226449275362,0,0,0.794826091614801,1742,0.0,0.0,25.94,59.07,42130,163761
2018Floor3.csv,3,2,F3-Z2,z2_Light(kW),light,264960,205486,0.22446407004830915,0,0,0.5358369913278763,800,0.0,0.0,6.66,236.16,10,138236
2018Floor3.csv,3,2,F3-Z2,z2_Plug(kW),plug,264960,205794,0.22330163043478257,0,0,0.003129342935168178,322,0.0,0.04,1.38,21.42,349,106424
2018Floor3.csv,3,2,F3-Z2,z2_S1(degC),temperature,264960,101895,0.615432518115942,0,0,0.0,698,22.1,27.36,28.98,29.99,0,55953
2018Floor3.csv,3,2,F3-Z2,z2_S1(RH%),humidity,264960,101895,0.615432518115942,0,0,0.0,1955,48.11,58.64,68.33059999999998,70.0,0,33632
2018Floor3.csv,3,2,F3-Z2,z2_S1(lux),lux,264960,101895,0.615432518115942,0,0,0.5596741743952107,86,0.0,0.0,81.0,85.0,0,92383
2018Floor3.csv,3,3,F3-Z3,z3_Light(kW),light,264960,205751,0.2234639190821256,0,0,0.003198040349743136,257,0.0,0.24,1.53,7.73,5,145649
2018Floor3.csv,3,3,F3-Z3,z3_Plug(kW),plug,264960,205744,0.22349033816425123,0,0,0.010863014231277704,143,0.0,0.39,0.6,5.69,169,156714
2018Floor3.csv,3,4,F3-Z4,z4_AC1(kW),ac,264960,205334,0.22503774154589373,0,0,0.7983967584520829,2236,0.0,0.0,32.25,52.19,41396,165272
2018Floor3.csv,3,4,F3-Z4,z4_Light(kW),light,264960,205202,0.2255359299516908,0,0,0.5392442568785879,476,0.0,0.0,3.05,19.45,1,168983
2018Floor3.csv,3,4,F3-Z4,z4_Plug(kW),plug,264960,205510,0.22437349033816423,0,0,0.0008661379008320763,233,0.0,0.02,1.199100000000035,5.08,1561,147206
2018Floor3.csv,3,4,F3-Z4,z4_S1(degC),temperature,264960,100449,0.6208899456521739,0,0,0.0,881,20.24,26.93,29.39,29.9,0,56164
2018Floor3.csv,3,4,F3-Z4,z4_S1(RH%),humidity,264960,100449,0.6208899456521739,0,0,0.0,1849,52.29,62.1,69.7,73.56,0,28929
2018Floor3.csv,3,4,F3-Z4,z4_S1(lux),lux,264960,100449,0.6208899456521739,0,0,0.581678264591982,53,0.0,0.0,41.0,52.0,0,94522
2018Floor3.csv,3,5,F3-Z5,z5_AC1(kW),ac,264960,205334,0.22503774154589373,0,0,0.7972474115343782,1543,0.0,0.0,17.94,49.77,41632,166615
2018Floor3.csv,3,5,F3-Z5,z5_Light(kW),light,264960,205202,0.2255359299516908,0,0,0.6615286400717342,434,0.0,0.0,2.62,32.97,1,178092
2018Floor3.csv,3,5,F3-Z5,z5_Plug(kW),plug,264960,205734,0.22352807971014488,0,0,0.0012977922949050716,200,0.0,0.04,1.06,2.91,30,137207
2018Floor3.csv,3,5,F3-Z5,z5_S1(degC),temperature,264960,70240,0.7349033816425121,0,0,0.0,839,19.57,26.22,28.62,29.9,0,39686
2018Floor3.csv,3,5,F3-Z5,z5_S1(RH%),humidity,264960,70240,0.7349033816425121,0,0,0.0,2069,52.56,67.92,75.28,77.9,0,16725
2018Floor3.csv,3,5,F3-Z5,z5_S1(lux),lux,264960,70240,0.7349033816425121,0,0,0.5542853075170843,45,0.0,0.0,38.0,44.0,0,65821
2018Floor4.csv,4,1,F4-Z1,z1_AC1(kW),ac,264960,230352,0.13061594202898552,0,0,0.9996874348822672,20,0.0,0.0,0.0,22.29,72,229126
2018Floor4.csv,4,1,F4-Z1,z1_AC2(kW),ac,264960,230352,0.13061594202898552,0,0,0.9778035354587762,275,0.0,0.0,0.13,20.28,5113,227649
2018Floor4.csv,4,1,F4-Z1,z1_AC3(kW),ac,264960,230352,0.13061594202898552,0,0,0.9995832465096895,26,0.0,0.0,0.0,9.91,96,229119
2018Floor4.csv,4,1,F4-Z1,z1_AC4(kW),ac,264960,230785,0.1289817330917874,0,0,0.789670039213987,2269,0.0,0.0,34.43160000000003,49.22,48541,182675
2018Floor4.csv,4,1,F4-Z1,z1_Light(kW),light,264960,214890,0.1889719202898551,0,0,0.3948950625901624,871,0.0,0.01,5.22,63.11,21,113064
2018Floor4.csv,4,1,F4-Z1,z1_Plug(kW),plug,264960,231552,0.12608695652173918,0,0,4.318684355997789e-06,631,0.0,0.4,3.63,87.11,49,106556
2018Floor4.csv,4,1,F4-Z1,z1_S1(degC),temperature,264960,99894,0.6229846014492754,0,0,0.0,813,21.69,27.98,30.0,30.9,0,59518
2018Floor4.csv,4,1,F4-Z1,z1_S1(RH%),humidity,264960,99894,0.6229846014492754,0,0,0.0,1862,47.76,59.61,66.99,69.4,0,32587
2018Floor4.csv,4,1,F4-Z1,z1_S1(lux),lux,264960,99894,0.6229846014492754,0,0,0.46231004865157066,55,0.0,2.0,46.0,54.0,0,93435
2018Floor4.csv,4,2,F4-Z2,z2_AC1(kW),ac,264960,230791,0.12895908816425117,0,0,0.794116754986113,2765,0.0,0.0,25.98100000000006,44.35,47516,183895
2018Floor4.csv,4,2,F4-Z2,z2_Light(kW),light,264960,214890,0.1889719202898551,0,0,0.5656940760389036,591,0.0,0.0,2.98,32.59,8,176550
2018Floor4.csv,4,2,F4-Z2,z2_Plug(kW),plug,264960,214890,0.1889719202898551,0,0,0.0006701102889850621,228,0.0,0.22,1.18,4.77,3740,119184
2018Floor4.csv,4,2,F4-Z2,z2_S1(degC),temperature,264960,100814,0.6195123792270532,0,0,0.0,745,21.1,27.13,28.89,29.9,0,59947
2018Floor4.csv,4,2,F4-Z2,z2_S1(RH%),humidity,264960,100814,0.6195123792270532,0,0,0.0,1822,53.37,63.57,71.31,75.7,0,40922
2018Floor4.csv,4,2,F4-Z2,z2_S1(lux),lux,264960,100814,0.6195123792270532,0,0,0.5217727696550082,65,0.0,0.0,61.0,64.0,0,93639
2018Floor4.csv,4,3,F4-Z3,z3_Light(kW),light,264960,231538,0.12613979468599035,0,0,4.3189454862700724e-05,258,0.0,0.31,1.25,8.55,43,156792
2018Floor4.csv,4,3,F4-Z3,z3_Plug(kW),plug,264960,231547,0.126105827294686,0,0,0.00016411354930100585,133,0.0,0.37,0.51,3.14,2219,176188
2018Floor4.csv,4,4,F4-Z4,z4_AC1(kW),ac,264960,230790,0.12896286231884058,0,0,0.7818319684561723,2198,0.0,0.0,27.75,51.45,50351,181363
2018Floor4.csv,4,4,F4-Z4,z4_Light(kW),light,264960,230275,0.1309065519323671,0,0,0.4477950276842905,719,0.0,0.91,3.73,26.7,5,169329
2018Floor4.csv,4,4,F4-Z4,z4_Plug(kW),plug,264960,230729,0.1291930857487923,0,0,9.534995600899756e-05,371,0.0,0.11,1.75,9.52,186,84369
2018Floor4.csv,4,4,F4-Z4,z4_S1(degC),temperature,264960,96137,0.6371641002415459,0,0,0.0,958,19.92,27.6,29.96,30.9,0,50775
2018Floor4.csv,4,4,F4-Z4,z4_S1(RH%),humidity,264960,96137,0.6371641002415459,0,0,0.0,1958,48.52,60.14,67.74,71.95,0,25890
2018Floor4.csv,4,4,F4-Z4,z4_S1(lux),lux,264960,96137,0.6371641002415459,0,0,0.4524376670792723,83,0.0,6.0,71.0,82.0,0,87537
2018Floor4.csv,4,5,F4-Z5,z5_AC1(kW),ac,264960,230794,0.12894776570048305,0,0,0.7906098078806209,1720,0.0,0.0,10.74070000000007,54.58,48326,188039
2018Floor4.csv,4,5,F4-Z5,z5_Light(kW),light,264960,230275,0.1309065519323671,0,0,0.5490913038758006,468,0.0,0.0,2.21,58.61,182,187123
2018Floor4.csv,4,5,F4-Z5,z5_Plug(kW),plug,264960,231548,0.1261020531400966,0,0,2.1593794807124224e-05,207,0.0,0.16,0.93,3.14,2315,136111
2018Floor4.csv,4,5,F4-Z5,z5_S1(degC),temperature,264960,97161,0.633299365942029,0,0,0.0,618,22.48,26.84,28.9,29.9,0,55202
2018Floor4.csv,4,5,F4-Z5,z5_S1(RH%),humidity,264960,97161,0.633299365942029,0,0,0.0,2039,44.91,64.12,71.9,73.9,0,29725
2018Floor4.csv,4,5,F4-Z5,z5_S1(lux),lux,264960,97161,0.633299365942029,0,0,0.6383219604573852,61,0.0,0.0,55.0,60.0,0,89883
2018Floor5.csv,5,1,F5-Z1,z1_AC1(kW),ac,264960,258039,0.026120923913043437,0,0,0.9988838896445886,39,0.0,0.0,0.0,1.22,288,257310
2018Floor5.csv,5,1,F5-Z1,z1_AC2(kW),ac,264960,258039,0.026120923913043437,0,0,0.9821422343134177,167,0.0,0.0,1.53,1.9,4608,255116
2018Floor5.csv,5,1,F5-Z1,z1_AC3(kW),ac,264960,258039,0.026120923913043437,0,0,0.9891954316983091,200,0.0,0.0,0.11,3.01,2788,256542
2018Floor5.csv,5,1,F5-Z1,z1_AC4(kW),ac,264960,255970,0.03392964975845414,0,0,0.7921045435011915,2251,0.0,0.0,34.26,59.44,53215,202987
2018Floor5.csv,5,1,F5-Z1,z1_Light(kW),light,264960,257619,0.02770606884057969,0,0,0.5543069416463848,1016,0.0,0.0,6.36,76.78,61,169917
2018Floor5.csv,5,1,F5-Z1,z1_Plug(kW),plug,264960,258333,0.025011322463768138,0,0,0.0008980656749234515,447,0.0,0.26,2.25,97.08,232,77316
2018Floor5.csv,5,1,F5-Z1,z1_S1(degC),temperature,264960,102023,0.6149494263285025,0,0,0.0,1375,15.3,26.95,29.28,30.9,0,54230
2018Floor5.csv,5,1,F5-Z1,z1_S1(RH%),humidity,264960,102023,0.6149494263285025,0,0,0.0,2133,56.36,65.79,78.64,82.87,5,29811
2018Floor5.csv,5,1,F5-Z1,z1_S1(lux),lux,264960,102023,0.6149494263285025,0,0,0.5990021857816374,69,0.0,0.0,63.0,68.0,0,93854
2018Floor5.csv,5,2,F5-Z2,z2_AC1(kW),ac,264960,255980,0.033891908212560384,0,0,0.7929330416438785,2263,0.0,0.0,25.43,58.17,53005,203545
2018Floor5.csv,5,2,F5-Z2,z2_Light(kW),light,264960,256798,0.030804649758454095,0,0,0.5899812303834142,744,0.0,0.0,4.29,55.99,85,195537
2018Floor5.csv,5,2,F5-Z2,z2_Plug(kW),plug,264960,256798,0.030804649758454095,0,0,0.09290570798837997,178,0.0,0.03,0.69,5.43,6222,179859
2018Floor5.csv,5,2,F5-Z2,z2_S1(degC),temperature,264960,100635,0.6201879528985508,0,0,0.0,743,21.1,26.96,28.85,29.9,0,60748
2018Floor5.csv,5,2,F5-Z2,z2_S1(RH%),humidity,264960,100635,0.6201879528985508,0,0,0.0,1741,50.96,64.24,70.74,72.0,0,27860
2018Floor5.csv,5,2,F5-Z2,z2_S1(lux),lux,264960,100635,0.6201879528985508,0,0,0.6371242609430119,50,0.0,0.0,45.0,49.0,0,94608
2018Floor5.csv,5,3,F5-Z3,z3_Light(kW),light,264960,258200,0.02551328502415462,0,0,0.0006777691711851278,184,0.0,0.14,1.37,2.97,1,161499
2018Floor5.csv,5,3,F5-Z3,z3_Plug(kW),plug,264960,258600,0.024003623188405765,0,0,0.0003325599381283836,45,0.0,0.26,0.3,0.8,2036,221573
2018Floor5.csv,5,4,F5-Z4,z4_AC1(kW),ac,264960,256002,0.03380887681159417,0,0,0.7919977187678221,2981,0.0,0.0,27.12,56.51,53249,204159
2018Floor5.csv,5,4,F5-Z4,z4_Light(kW),light,264960,254951,0.037775513285024154,0,0,0.5207000560892093,586,0.0,0.0,3.82,27.91,5,169476
2018Floor5.csv,5,4,F5-Z4,z4_Plug(kW),plug,264960,258603,0.02399230072463765,0,0,0.0018367923032602098,487,0.0,0.29,2.8,16.33,93,60274
2018Floor5.csv,5,4,F5-Z4,z4_S1(degC),temperature,264960,105603,0.6014379528985507,0,0,0.0,961,20.11,27.28,29.8,30.9,0,52991
2018Floor5.csv,5,4,F5-Z4,z4_S1(RH%),humidity,264960,105603,0.6014379528985507,0,0,0.0,1647,52.1,65.25,70.43,72.8,0,24689
2018Floor5.csv,5,4,F5-Z4,z4_S1(lux),lux,264960,105603,0.6014379528985507,0,0,0.501264168631573,80,0.0,0.0,71.0,79.0,0,94685
2018Floor5.csv,5,5,F5-Z5,z5_AC1(kW),ac,264960,255997,0.0338277475845411,0,0,0.7902514482591593,1689,0.0,0.0,11.21,49.72,53695,206424
2018Floor5.csv,5,5,F5-Z5,z5_Light(kW),light,264960,254951,0.037775513285024154,0,0,0.5607038215186447,490,0.0,0.0,2.99,22.55,6,178850
2018Floor5.csv,5,5,F5-Z5,z5_Plug(kW),plug,264960,255701,0.03494489734299522,0,0,0.2144692433740971,128,0.0,0.01,0.48,2.72,126,152400
2018Floor5.csv,5,5,F5-Z5,z5_S1(degC),temperature,264960,104854,0.6042647946859903,0,0,0.0,643,22.93,27.56,29.79,29.98,0,59380
2018Floor5.csv,5,5,F5-Z5,z5_S1(RH%),humidity,264960,104854,0.6042647946859903,0,0,0.0,1781,52.54,65.6,70.78,75.8,0,33193
2018Floor5.csv,5,5,F5-Z5,z5_S1(lux),lux,264960,104854,0.6042647946859903,0,0,0.012388654700822095,41,0.0,1.0,37.0,40.0,0,98864
2018Floor6.csv,6,1,F6-Z1,z1_AC1(kW),ac,264960,264487,0.0017851751207729194,0,0,0.7905341283314492,1501,0.0,0.0,26.96,50.99,55401,210279
2018Floor6.csv,6,1,F6-Z1,z1_Light(kW),light,264960,264458,0.0018946256038647746,0,0,0.5613859289565829,491,0.0,0.0,3.86,18.35,15,200123
2018Floor6.csv,6,1,F6-Z1,z1_Plug(kW),plug,264960,264428,0.0020078502415459276,0,0,0.00013614291981182023,315,0.0,0.28,1.63,6.1,367,119007
2018Floor6.csv,6,1,F6-Z1,z1_S1(degC),temperature,264960,101122,0.6183499396135266,0,0,0.0,803,22.55,27.43,30.32,31.9,0,54246
2018Floor6.csv,6,1,F6-Z1,z1_S1(RH%),humidity,264960,101122,0.6183499396135266,0,0,0.0,2383,46.85,61.53,71.76,74.9,0,29704
2018Floor6.csv,6,1,F6-Z1,z1_S1(lux),lux,264960,101122,0.6183499396135266,0,0,0.49403690591562666,60,0.0,1.0,55.0,59.0,0,94196
2018Floor6.csv,6,2,F6-Z2,z2_AC1(kW),ac,264960,264486,0.0017889492753623282,0,0,0.7777840793085457,2046,0.0,0.0,24.98,58.41,58773,206823
2018Floor6.csv,6,2,F6-Z2,z2_Light(kW),light,264960,264458,0.0018946256038647746,0,0,0.0014671516838212495,898,0.0,1.38,7.59,32.48,11,167266
2018Floor6.csv,6,2,F6-Z2,z2_Plug(kW),plug,264960,264526,0.0016379830917874205,0,0,0.0015423814672281741,331,0.0,0.15,1.5,9.39,149,133418
2018Floor6.csv,6,2,F6-Z2,z2_S1(degC),temperature,264960,103434,0.6096240942028985,0,0,0.0,865,21.71,26.74,30.1,32.7,2,57778
2018Floor6.csv,6,2,F6-Z2,z2_S1(RH%),humidity,264960,103434,0.6096240942028985,0,0,0.0,2213,49.63,63.55,72.7,74.2,0,30146
2018Floor6.csv,6,2,F6-Z2,z2_S1(lux),lux,264960,103434,0.6096240942028985,0,0,0.4989171839047122,65,0.0,1.0,60.0,64.0,0,96080
2018Floor6.csv,6,3,F6-Z3,z3_Light(kW),light,264960,264527,0.0016342089371981228,0,0,0.00019279695456418439,488,0.0,1.0,2.47,8.36,6,159336
2018Floor6.csv,6,3,F6-Z3,z3_Plug(kW),plug,264960,264519,0.0016644021739130599,0,0,0.0055043305017787,135,0.0,0.26,0.31,10.75,1177,230234
2018Floor6.csv,6,4,F6-Z4,z4_AC1(kW),ac,264960,262746,0.008355978260869534,0,0,0.9957487459371408,78,0.0,0.0,0.0,1.71,1117,261241
2018Floor6.csv,6,4,F6-Z4,z4_AC2(kW),ac,264960,262746,0.008355978260869534,0,0,0.9660166091967147,309,0.0,0.0,0.13,11.56,8929,258738
2018Floor6.csv,6,4,F6-Z4,z4_AC3(kW),ac,264960,262746,0.008355978260869534,0,0,0.9894727227055787,67,0.0,0.0,0.01,5.98,2766,260732
2018Floor6.csv,6,4,F6-Z4,z4_AC4(kW),ac,264960,264487,0.0017851751207729194,0,0,0.7905303474272838,3311,0.0,0.0,33.99,49.35,55402,211662
2018Floor6.csv,6,4,F6-Z4,z4_Light(kW),light,264960,263552,0.005314009661835706,0,0,0.5409786304031083,844,0.0,0.0,4.62,22.99,2,200333
2018Floor6.csv,6,4,F6-Z4,z4_Plug(kW),plug,264960,264517,0.0016719504830917664,0,0,0.002472430883459286,435,0.0,0.09,2.03,8.01,693,114846
2018Floor6.csv,6,4,F6-Z4,z4_S1(degC),temperature,264960,103633,0.6088730374396135,0,0,0.0,1032,19.51,26.74,29.9,30.92,0,59779
2018Floor6.csv,6,4,F6-Z4,z4_S1(RH%),humidity,264960,103633,0.6088730374396135,0,0,0.0,2005,49.37,64.82,72.79,75.9,0,30944
2018Floor6.csv,6,4,F6-Z4,z4_S1(lux),lux,264960,103633,0.6088730374396135,0,0,0.5450676907934732,51,0.0,0.0,46.0,50.0,0,96852
2018Floor6.csv,6,5,F6-Z5,z5_AC1(kW),ac,264960,264487,0.0017851751207729194,0,0,0.7905152238106221,1787,0.0,0.0,18.6,46.68,55406,215911
2018Floor6.csv,6,5,F6-Z5,z5_Light(kW),light,264960,263314,0.006212258454106334,0,0,0.556149692002704,551,0.0,0.0,2.77,13.53,8,216356
2018Floor6.csv,6,5,F6-Z5,z5_Plug(kW),plug,264960,263552,0.005314009661835706,0,0,0.001236947547353084,260,0.0,0.06,0.88,3.68,791,164906
2018Floor6.csv,6,5,F6-Z5,z5_S1(degC),temperature,264960,102297,0.6139153079710145,0,0,0.0,775,21.7,27.54,29.9,30.9,0,56779
2018Floor6.csv,6,5,F6-Z5,z5_S1(RH%),humidity,264960,102297,0.6139153079710145,0,0,0.0,2123,50.63,64.54,73.38,75.9,0,30890
2018Floor6.csv,6,5,F6-Z5,z5_S1(lux),lux,264960,102297,0.6139153079710145,0,0,0.49928150385641806,74,0.0,1.0,65.0,73.0,0,93922
2018Floor7.csv,7,1,F7-Z1,z1_AC1(kW),ac,264960,264524,0.001645531400966238,0,0,1.0,1,0.0,0.0,0.0,0.0,0,264517
2018Floor7.csv,7,1,F7-Z1,z1_AC2(kW),ac,264960,264524,0.001645531400966238,0,0,0.4478081383919796,148,0.0,0.01,0.4,2.51,293,218658
2018Floor7.csv,7,1,F7-Z1,z1_AC3(kW),ac,264960,264524,0.001645531400966238,0,0,0.050743977862122154,101,0.0,0.02,0.45,1.28,2603,216721
2018Floor7.csv,7,1,F7-Z1,z1_AC4(kW),ac,264960,264460,0.001887077294685957,0,0,0.7272933524918702,2513,0.0,0.0,36.63,49.99,0,192802
2018Floor7.csv,7,1,F7-Z1,z1_Light(kW),light,264960,264506,0.0017134661835749299,0,0,0.4986767785985951,356,0.0,0.01,2.88,3.55,0,216414
2018Floor7.csv,7,1,F7-Z1,z1_Plug(kW),plug,264960,264528,0.001630434782608714,0,0,0.00024194036170084075,231,0.0,0.07,1.05,2.83,1884,70230
2018Floor7.csv,7,1,F7-Z1,z1_S1(degC),temperature,264960,101229,0.6179461050724637,0,0,0.0,1166,18.15,27.49,31.32,32.3,0,46641
2018Floor7.csv,7,1,F7-Z1,z1_S1(RH%),humidity,264960,101229,0.6179461050724637,0,0,0.0,2244,47.29,62.9,70.7,78.9,0,20903
2018Floor7.csv,7,1,F7-Z1,z1_S1(lux),lux,264960,101172,0.6181612318840579,0,0,0.45330723915707904,70,0.0,1.0,60.0,69.0,0,95906
2018Floor7.csv,7,2,F7-Z2,z2_AC1(kW),ac,264960,264461,0.0018833031400966593,0,0,0.76977323688559,1692,0.0,0.0,28.96,57.77,60886,203960
2018Floor7.csv,7,2,F7-Z2,z2_Light(kW),light,264960,264506,0.0017134661835749299,0,0,0.5077162710864782,357,0.0,0.0,3.0,3.7,0,214842
2018Floor7.csv,7,2,F7-Z2,z2_Plug(kW),plug,264960,264506,0.0017134661835749299,0,0,0.5084723976015667,96,0.0,0.0,0.77,1.02,13996,197990
2018Floor7.csv,7,2,F7-Z2,z2_S1(degC),temperature,264960,104863,0.6042308272946859,0,0,0.0,1028,19.57,27.39,30.7,31.9,0,53429
2018Floor7.csv,7,2,F7-Z2,z2_S1(RH%),humidity,264960,104863,0.6042308272946859,0,0,0.0,2129,52.52,62.9,71.65,82.87,2,14315
2018Floor7.csv,7,2,F7-Z2,z2_S1(lux),lux,264960,104863,0.6042308272946859,0,0,0.5620857690510476,50,0.0,0.0,45.0,49.0,0,97239
2018Floor7.csv,7,3,F7-Z3,z3_Light(kW),light,264960,264528,0.001630434782608714,0,0,0.0001549930442146011,74,0.0,0.17,0.36,0.79,0,245737
2018Floor7.csv,7,3,F7-Z3,z3_Plug(kW),plug,264960,264528,0.001630434782608714,0,0,3.7803181515756367e-06,36,0.0,0.18,0.29,0.36,0,243486
2018Floor7.csv,7,4,F7-Z4,z4_AC1(kW),ac,264960,264461,0.0018833031400966593,0,0,0.7756342144966555,2426,0.0,0.0,31.02,53.89,59336,205601
2018Floor7.csv,7,4,F7-Z4,z4_Light(kW),light,264960,264526,0.0016379830917874205,0,0,3.7803467334023877e-06,573,0.0,1.07,4.87,6.08,0,173130
2018Floor7.csv,7,4,F7-Z4,z4_Plug(kW),plug,264960,264524,0.001645531400966238,0,0,0.2945781857222785,247,0.0,0.03,0.59,2.97,2431,213610
2018Floor7.csv,7,4,F7-Z4,z4_S1(degC),temperature,264960,104303,0.6063443538647343,0,0,0.0,1131,19.86,27.96,31.65,32.9,0,48398
2018Floor7.csv,7,4,F7-Z4,z4_S1(RH%),humidity,264960,104303,0.6063443538647343,0,0,0.0,2801,47.35,63.52,74.18,80.9,0,12257
2018Floor7.csv,7,4,F7-Z4,z4_S1(lux),lux,264960,104303,0.6063443538647343,0,0,0.4861988629281996,99,0.0,2.0,72.0,99.0,0,86429
2018Floor7.csv,7,5,F7-Z5,z5_AC1(kW),ac,264960,264461,0.0018833031400966593,0,0,0.7485602792094108,1917,0.0,0.0,18.64,53.34,55765,202450
2018Floor7.csv,7,5,F7-Z5,z5_Light(kW),light,264960,264525,0.0016417572463768293,0,0,0.5342519610622815,528,0.0,0.0,4.59,5.71,0,203771
2018Floor7.csv,7,5,F7-Z5,z5_Plug(kW),plug,264960,264524,0.001645531400966238,0,0,0.4155275135715474,190,0.0,0.03,0.78,2.17,9162,217594
2018Floor7.csv,7,5,F7-Z5,z5_S1(degC),temperature,264960,101093,0.6184593900966184,0,0,0.0,780,22.72,28.5,30.93,31.9,0,48772
2018Floor7.csv,7,5,F7-Z5,z5_S1(RH%),humidity,264960,101093,0.6184593900966184,0,0,0.0,2534,45.9,63.31,71.56,75.7,0,16131
2018Floor7.csv,7,5,F7-Z5,z5_S1(lux),lux,264960,101093,0.6184593900966184,0,0,0.557259157409514,75,0.0,0.0,70.0,74.0,0,93020
2019Floor1.csv,1,1,F1-Z1,z1_Light(kW),light,525600,524670,0.0017694063926940728,0,0,0.12342043570244153,3082,0.0,0.02,42.49,60.93,116,100373
2019Floor1.csv,1,1,F1-Z1,z1_Plug(kW),plug,525600,524985,0.0011700913242008726,0,0,0.055352057677838414,1903,0.0,0.68,12.49,28.82,80584,141594
2019Floor1.csv,1,2,F1-Z2,z2_AC1(kW),ac,525600,524789,0.0015429984779299355,0,0,0.00016959196934386963,5888,0.0,44.08,51.87119999999995,104.48,0,118053
2019Floor1.csv,1,2,F1-Z2,z2_AC2(kW),ac,525600,524852,0.0014231354642313399,0,0,0.0014156371700974751,4336,0.0,0.03,40.44,79.47,94231,203060
2019Floor1.csv,1,2,F1-Z2,z2_AC3(kW),ac,525600,524851,0.0014250380517504269,0,0,0.23652617600042677,3,0.0,0.01,0.02,0.02,8906,281029
2019Floor1.csv,1,2,F1-Z2,z2_AC4(kW),ac,525600,524851,0.0014250380517504269,0,0,0.4731819125809039,6,0.0,0.01,0.03,0.05,18,168247
2019Floor1.csv,1,2,F1-Z2,z2_Light(kW),light,525600,524990,0.0011605783866057706,0,0,1.9047981866321262e-06,2361,0.0,7.42,17.49,37.18,1176,89008
2019Floor1.csv,1,2,F1-Z2,z2_Plug(kW),plug,525600,524906,0.0013203957382039722,0,0,0.0,3851,0.96,14.52,27.07,73.68,2085,30353
2019Floor1.csv,1,3,F1-Z3,z3_Light(kW),light,525600,525001,0.0011396499238964797,0,0,0.0,6212,0.01,18.19,55.79,105.67,13530,59211
2019Floor1.csv,1,3,F1-Z3,z3_Plug(kW),plug,525600,524852,0.0014231354642313399,0,0,3.62006813349287e-05,716,0.0,0.99,2.63,15.72,600,226223
2019Floor1.csv,1,4,F1-Z4,z4_Light(kW),light,525600,524988,0.0011643835616438336,0,0,0.00015428924089693478,5561,0.0,14.54,52.91,66.48,0,67893
2019Floor2.csv,2,1,F2-Z1,z1_AC1(kW),ac,525600,495832,0.05663622526636225,0,0,0.6998317978670194,3908,0.0,0.0,41.7,54.51,0,348490
2019Floor2.csv,2,1,F2-Z1,z1_Light(kW),light,525600,524967,0.0012043378995433285,0,0,0.0017182032394417173,1002,0.0,0.01,8.5,22.38,0,343075
2019Floor2.csv,2,1,F2-Z1,z1_Plug(kW),plug,525600,524964,0.0012100456621004785,0,0,4.381252809716476e-05,474,0.0,0.36,3.73,9.82,2,283276
2019Floor2.csv,2,1,F2-Z1,z1_S1(degC),temperature,525600,413992,0.21234398782343988,0,0,0.0,1248,17.56,25.1,29.91,31.9,0,117369
2019Floor2.csv,2,1,F2-Z1,z1_S1(RH%),humidity,525600,413992,0.21234398782343988,0,0,0.0,2587,45.5,62.9,72.51,76.9,0,22880
2019Floor2.csv,2,1,F2-Z1,z1_S1(lux),lux,525600,413992,0.21234398782343988,0,0,0.5218844808595335,93,0.0,0.0,84.0,92.0,0,307839
2019Floor2.csv,2,2,F2-Z2,z2_AC1(kW),ac,525600,495710,0.056868340943683426,0,0,0.006651066147545944,3006,0.0,1.11,31.32,50.46,0,202105
2019Floor2.csv,2,2,F2-Z2,z2_AC2(kW),ac,525600,523441,0.004107686453576842,0,0,0.2408924788084999,169,0.0,0.25,1.31,2.43,0,323765
2019Floor2.csv,2,2,F2-Z2,z2_AC3(kW),ac,525600,523441,0.004107686453576842,0,0,0.5231688003041413,148,0.0,0.0,1.02,2.08,0,336112
2019Floor2.csv,2,2,F2-Z2,z2_AC4(kW),ac,525600,523441,0.004107686453576842,0,0,0.5231191289944808,148,0.0,0.0,1.13,2.04,0,337601
2019Floor2.csv,2,2,F2-Z2,z2_AC5(kW),ac,525600,524949,0.0012385844748858954,0,0,0.24215876208926962,183,0.0,1.32,1.5,1.82,0,254941
2019Floor2.csv,2,2,F2-Z2,z2_AC6(kW),ac,525600,524949,0.0012385844748858954,0,0,0.00015620565045366313,169,0.0,0.24,1.39,1.7,0,319532
2019Floor2.csv,2,2,F2-Z2,z2_AC7(kW),ac,525600,524949,0.0012385844748858954,0,0,0.27604586350293076,132,0.0,0.88,1.07,1.31,0,256927
2019Floor2.csv,2,2,F2-Z2,z2_AC8(kW),ac,525600,524949,0.0012385844748858954,0,0,0.6076380753177928,129,0.0,0.0,1.05,1.29,0,337780
2019Floor2.csv,2,2,F2-Z2,z2_AC9(kW),ac,525600,524949,0.0012385844748858954,0,0,0.276013479404666,146,0.0,0.98,1.17,2.4,0,262387
2019Floor2.csv,2,2,F2-Z2,z2_AC10(kW),ac,525600,524949,0.0012385844748858954,0,0,0.6075885466969172,146,0.0,0.0,1.18,1.45,0,339019
2019Floor2.csv,2,2,F2-Z2,z2_AC11(kW),ac,525600,524949,0.0012385844748858954,0,0,1.0,1,0.0,0.0,0.0,0.0,0,524931
2019Floor2.csv,2,2,F2-Z2,z2_AC12(kW),ac,525600,524949,0.0012385844748858954,0,0,0.9939841775105772,103,0.0,0.0,0.0,1.44,3158,523344
2019Floor2.csv,2,2,F2-Z2,z2_AC13(kW),ac,525600,524949,0.0012385844748858954,0,0,0.9224210351862753,213,0.0,0.0,1.68,2.13,40725,509685
2019Floor2.csv,2,2,F2-Z2,z2_AC14(kW),ac,525600,524949,0.0012385844748858954,0,0,0.9975597629484007,71,0.0,0.0,0.0,1.55,1281,524571
2019Floor2.csv,2,2,F2-Z2,z2_Light(kW),light,525600,524864,0.001400304414003073,0,0,0.6375099073283745,342,0.0,0.0,2.76,11.51,1,462603
2019Floor2.csv,2,2,F2-Z2,z2_Plug(kW),plug,525600,524817,0.0014897260273972757,0,0,0.0030925065308478957,205,0.0,0.07,0.88,8.08,3417,367431
2019Floor2.csv,2,2,F2-Z2,z2_S1(degC),temperature,525600,428579,0.18459094368340945,0,0,0.0,1151,18.36,25.55,29.79,31.9,0,135645
2019Floor2.csv,2,2,F2-Z2,z2_S1(RH%),humidity,525600,428582,0.1845852359208524,0,0,0.0,3813,41.81,65.0,80.13,88.96,0,13798
2019Floor2.csv,2,2,F2-Z2,z2_S1(lux),lux,525600,428580,0.18458904109589036,0,0,0.6373675859816137,73,0.0,0.0,53.0,72.0,0,396395
2019Floor2.csv,2,3,F2-Z3,z3_Light(kW),light,525600,524966,0.0012062404870624155,0,0,9.524426343801313e-06,198,0.0,0.46,1.42,2.01,0,388054
2019Floor2.csv,2,3,F2-Z3,z3_Plug(kW),plug,525600,524967,0.0012043378995433285,0,0,1.1429289841075725e-05,187,0.0,0.26,0.47,12.63,3425,456241
2019Floor2.csv,2,3,F2-Z3,z3_S1(degC),temperature,525600,423189,0.1948458904109589,0,0,0.0,850,22.51,27.36,30.64,32.14,0,89735
2019Floor2.csv,2,3,F2-Z3,z3_S1(RH%),humidity,525600,423190,0.19484398782343992,0,0,0.0,4518,33.1,66.4,81.95,86.8,0,6293
2019Floor2.csv,2,3,F2-Z3,z3_S1(lux),lux,525600,423186,0.19485159817351594,0,0,0.41958854971572784,17,0.0,2.0,12.0,16.0,0,376353
2019Floor2.csv,2,4,F2-Z4,z4_AC1(kW),ac,525600,495828,0.056643835616438376,0,0,0.7427979057253725,1125,0.0,0.0,10.93,55.33,18,373022
2019Floor2.csv,2,4,F2-Z4,z4_Light(kW),light,525600,523441,0.004107686453576842,0,0,0.6343007139295547,255,0.0,0.0,2.06,3.77,0,469910
2019Floor2.csv,2,4,F2-Z4,z4_Plug(kW),plug,525600,524817,0.0014897260273972757,0,0,0.09648315508072337,6,0.0,0.03,0.03,0.06,11,513222
2019Floor2.csv,2,4,F2-Z4,z4_S1(degC),temperature,525600,422315,0.19650875190258754,0,0,0.0,1351,16.1,24.5,29.26,31.9,0,125595
2019Floor2.csv,2,4,F2-Z4,z4_S1(RH%),humidity,525600,422317,0.19650494672754948,0,0,0.0,3699,44.57,73.85,84.18,89.81,0,38051
2019Floor2.csv,2,4,F2-Z4,z4_S1(lux),lux,525600,422312,0.19651445966514458,0,0,0.5958035765026805,61,0.0,0.0,53.0,88.0,0,382270
2019Floor3.csv,3,1,F3-Z1,z1_AC1(kW),ac,525600,521702,0.007416286149162898,0,0,0.99696953433186,69,0.0,0.0,0.0,2.08,1581,519255
2019Floor3.csv,3,1,F3-Z1,z1_AC2(kW),ac,525600,521702,0.007416286149162898,0,0,0.9896243449325477,308,0.0,0.0,0.08,5.42,5413,517572
2019Floor3.csv,3,1,F3-Z1,z1_AC3(kW),ac,525600,521702,0.007416286149162898,0,0,0.9917289947134571,140,0.0,0.0,0.0,2.26,4315,518250
2019Floor3.csv,3,1,F3-Z1,z1_AC4(kW),ac,525600,482437,0.0821213850837138,0,0,0.6367152602308696,3443,0.0,0.0,36.76,54.03,97661,379394
2019Floor3.csv,3,1,F3-Z1,z1_Light(kW),light,525600,524993,0.0011548706240487316,0,0,0.5461025194621643,880,0.0,0.0,5.8,88.87,34,334765
2019Floor3.csv,3,1,F3-Z1,z1_Plug(kW),plug,525600,525045,0.001055936073059316,0,0,0.00012951270843451513,341,0.0,0.09,1.3,28.8,2964,225311
2019Floor3.csv,3,1,F3-Z1,z1_S1(degC),temperature,525600,397118,0.24444824961948253,0,0,0.0,1138,17.9,25.58,29.45,30.9,0,124582
2019Floor3.csv,3,1,F3-Z1,z1_S1(RH%),humidity,525600,397116,0.2444520547945206,0,0,0.0,2633,50.1,61.8,73.96,80.62,0,50395
2019Floor3.csv,3,1,F3-Z1,z1_S1(lux),lux,525600,397113,0.24445776255707763,0,0,0.5021467441257275,81,0.0,0.0,42.0,80.0,0,335192
2019Floor3.csv,3,2,F3-Z2,z2_AC1(kW),ac,525600,482443,0.08210996955859973,0,0,0.7969086503483314,2381,0.0,0.0,26.66,55.28,97980,385564
2019Floor3.csv,3,2,F3-Z2,z2_Light(kW),light,525600,524325,0.002425799086757996,0,0,0.5424154865779812,865,0.0,0.0,6.68,25.94,5,323264
2019Floor3.csv,3,2,F3-Z2,z2_Plug(kW),plug,525600,525014,0.0011149162861491257,0,0,0.000779026844998419,336,0.0,0.08,1.38,4.6,1735,210171
2019Floor3.csv,3,2,F3-Z2,z2_S1(degC),temperature,525600,414262,0.21183028919330293,0,0,0.0,1026,18.92,25.29,28.73,30.9,0,128517
2019Floor3.csv,3,2,F3-Z2,z2_S1(RH%),humidity,525600,414258,0.21183789954337895,0,0,0.0,2901,45.71,61.45,74.93,79.7,0,52714
2019Floor3.csv,3,2,F3-Z2,z2_S1(lux),lux,525600,414261,0.2118321917808219,0,0,0.5784372653954873,91,0.0,0.0,78.0,90.0,0,329305
2019Floor3.csv,3,3,F3-Z3,z3_Light(kW),light,525600,525048,0.001050228310502277,0,0,0.00035234873763922536,260,0.0,0.22,1.55,46.97,38,358916
2019Floor3.csv,3,3,F3-Z3,z3_Plug(kW),plug,525600,525013,0.0011168188736682128,0,0,0.0004209419576277159,230,0.0,0.45,0.63,27.24,278,388106
2019Floor3.csv,3,4,F3-Z4,z4_AC1(kW),ac,525600,482450,0.08209665144596656,0,0,0.8007689916053478,2909,0.0,0.0,33.85,55.76,96119,388421
2019Floor3.csv,3,4,F3-Z4,z4_Light(kW),light,525600,521287,0.008205859969558582,0,0,0.5392173601106492,547,0.0,0.0,3.09,186.08,48,429480
2019Floor3.csv,3,4,F3-Z4,z4_Plug(kW),plug,525600,523749,0.0035216894977169177,0,0,0.0025565681270990495,320,0.0,0.04,1.19,51.16,3139,358168
2019Floor3.csv,3,4,F3-Z4,z4_S1(degC),temperature,525600,421723,0.19763508371385086,0,0,0.0,1323,15.73,23.9,28.54,30.9,0,123764
2019Floor3.csv,3,4,F3-Z4,z4_S1(RH%),humidity,525600,421723,0.19763508371385086,0,0,0.0,3168,49.18,68.99,80.12,88.29,0,33681
2019Floor3.csv,3,4,F3-Z4,z4_S1(lux),lux,525600,421724,0.19763318112633177,0,0,0.6125688839145982,56,0.0,0.0,43.0,55.0,0,386227
2019Floor3.csv,3,5,F3-Z5,z5_AC1(kW),ac,525600,482454,0.08208904109589044,0,0,0.8001384587960717,1917,0.0,0.0,18.04,56.66,96424,394711
2019Floor3.csv,3,5,F3-Z5,z5_Light(kW),light,525600,521287,0.008205859969558582,0,0,0.6493371213937812,514,0.0,0.0,2.8,172.32,40,450405
2019Floor3.csv,3,5,F3-Z5,z5_Plug(kW),plug,525600,524995,0.0011510654490106687,0,0,0.003417175401670492,277,0.0,0.05,0.88,68.75,247,351968
2019Floor3.csv,3,5,F3-Z5,z5_S1(degC),temperature,525600,372916,0.2904946727549468,0,0,0.0,1123,17.91,23.69,27.96,30.9,0,114499
2019Floor3.csv,3,5,F3-Z5,z5_S1(RH%),humidity,525600,372916,0.2904946727549468,0,0,0.0,3648,46.14,72.49,82.56,93.67,0,28717
2019Floor3.csv,3,5,F3-Z5,z5_S1(lux),lux,525600,372916,0.2904946727549468,0,0,0.5388773879372298,73,0.0,0.0,45.0,77.0,0,327511
2019Floor4.csv,4,1,F4-Z1,z1_AC1(kW),ac,525600,391477,0.2551807458143075,0,0,0.9995810737284694,13,0.0,0.0,0.0,1.26,164,390904
2019Floor4.csv,4,1,F4-Z1,z1_AC2(kW),ac,525600,391477,0.2551807458143075,0,0,0.972966483343849,314,0.0,0.0,0.14,4.92,10583,387726
2019Floor4.csv,4,1,F4-Z1,z1_AC3(kW),ac,525600,391477,0.2551807458143075,0,0,0.9987611021848026,57,0.0,0.0,0.0,2.06,485,390754
2019Floor4.csv,4,1,F4-Z1,z1_AC4(kW),ac,525600,520794,0.00914383561643839,0,0,0.7917890759110128,3341,0.0,0.0,35.79,51.69,108435,413114
2019Floor4.csv,4,1,F4-Z1,z1_Light(kW),light,525600,492715,0.06256659056316594,0,0,0.4912900967090509,861,0.0,0.01,4.98,14.62,5,323590
2019Floor4.csv,4,1,F4-Z1,z1_Plug(kW),plug,525600,524980,0.0011796042617960856,0,0,0.00010286106137376661,505,0.0,0.38,3.49,6.15,30,265104
2019Floor4.csv,4,1,F4-Z1,z1_S1(degC),temperature,525600,426231,0.1890582191780822,0,0,0.0,1236,17.96,25.83,29.9,31.9,0,122667
2019Floor4.csv,4,1,F4-Z1,z1_S1(RH%),humidity,525600,426234,0.18905251141552515,0,0,0.0,2930,45.12,63.12,74.3,78.8,0,50533
2019Floor4.csv,4,1,F4-Z1,z1_S1(lux),lux,525600,426233,0.18905441400304412,0,0,0.46299793774766385,88,0.0,2.0,76.0,87.0,0,361720
2019Floor4.csv,4,2,F4-Z2,z2_AC1(kW),ac,525600,520785,0.009160958904109617,0,0,0.7918680453546089,2777,0.0,0.0,26.37,58.4,108392,413369
2019Floor4.csv,4,2,F4-Z2,z2_Light(kW),light,525600,492715,0.06256659056316594,0,0,0.571086733710157,455,0.0,0.0,2.39,6.27,0,429016
2019Floor4.csv,4,2,F4-Z2,z2_Plug(kW),plug,525600,492715,0.06256659056316594,0,0,0.0003429974731842952,220,0.0,0.15,1.06,2.74,11643,305207
2019Floor4.csv,4,2,F4-Z2,z2_S1(degC),temperature,525600,418212,0.20431506849315073,0,0,0.0,1115,17.59,24.66,28.32,30.6,0,134342
2019Floor4.csv,4,2,F4-Z2,z2_S1(RH%),humidity,525600,418212,0.20431506849315073,0,0,0.0,2562,50.7,66.98,76.19,81.11,0,54629
2019Floor4.csv,4,2,F4-Z2,z2_S1(lux),lux,525600,418213,0.20431316590563164,0,0,0.4966464457106785,86,0.0,1.0,78.0,85.0,0,368516
2019Floor4.csv,4,3,F4-Z3,z3_Light(kW),light,525600,524919,0.0012956621004566182,0,0,0.0002533724250789169,200,0.0,0.26,1.2,3.08,2,384580
2019Floor4.csv,4,3,F4-Z3,z3_Plug(kW),plug,525600,524943,0.0012499999999999734,0,0,0.02017933375623639,127,0.0,0.42,0.51,2.26,2,419313
2019Floor4.csv,4,4,F4-Z4,z4_AC1(kW),ac,525600,520787,0.009157153729071554,0,0,0.7822219064607987,3438,0.0,0.0,34.8,51.75,113416,409297
2019Floor4.csv,4,4,F4-Z4,z4_Light(kW),light,525600,524029,0.0029889649923896533,0,0,0.4660791673743247,529,0.0,0.89,3.63,12.69,0,408511
2019Floor4.csv,4,4,F4-Z4,z4_Plug(kW),plug,525600,524787,0.0015468036529679985,0,0,9.337121536928316e-05,301,0.0,0.11,1.72,5.28,9,205538
2019Floor4.csv,4,4,F4-Z4,z4_S1(degC),temperature,525600,341230,0.35078006088280056,0,0,0.0,1341,16.19,24.74,28.94,30.99,0,102866
2019Floor4.csv,4,4,F4-Z4,z4_S1(RH%),humidity,525600,341230,0.35078006088280056,0,0,0.0,2917,47.92,64.5,75.53,85.3,0,19284
2019Floor4.csv,4,4,F4-Z4,z4_S1(lux),lux,525600,341230,0.35078006088280056,0,0,0.4540603112270316,107,0.0,5.0,91.0,111.0,0,285342
2019Floor4.csv,4,5,F4-Z5,z5_AC1(kW),ac,525600,520796,0.009140030441400326,0,0,0.7844434289049839,2023,0.0,0.0,18.36,56.46,112261,418120
2019Floor4.csv,4,5,F4-Z5,z5_Light(kW),light,525600,524029,0.0029889649923896533,0,0,0.5683769409708241,332,0.0,0.0,2.09,6.38,9,438100
2019Floor4.csv,4,5,F4-Z5,z5_Plug(kW),plug,525600,524975,0.0011891171993911875,0,0,0.000198104671651031,218,0.0,0.16,1.01,2.58,3765,319653
2019Floor4.csv,4,5,F4-Z5,z5_S1(degC),temperature,525600,425636,0.19019025875190254,0,0,0.0,1032,19.1,24.36,28.4,30.9,0,134302
2019Floor4.csv,4,5,F4-Z5,z5_S1(RH%),humidity,525600,425635,0.19019216133942163,0,0,0.0,3094,47.67,68.89,79.71659999999974,84.81,0,42941
2019Floor4.csv,4,5,F4-Z5,z5_S1(lux),lux,525600,425635,0.19019216133942163,0,0,0.607656795141377,88,0.0,0.0,80.0,87.0,0,367513
2019Floor5.csv,5,1,F5-Z1,z1_AC1(kW),ac,525600,518917,0.012714992389649904,0,0,0.9996357799031445,30,0.0,0.0,0.0,1.2,189,516831
2019Floor5.csv,5,1,F5-Z1,z1_AC2(kW),ac,525600,518917,0.012714992389649904,0,0,0.9970399890541262,124,0.0,0.0,0.0,1.95,1536,516057
2019Floor5.csv,5,1,F5-Z1,z1_AC3(kW),ac,525600,518917,0.012714992389649904,0,0,0.9863157306467123,302,0.0,0.0,0.13,3.2,7101,514296
2019Floor5.csv,5,1,F5-Z1,z1_AC4(kW),ac,525600,495469,0.05732686453576863,0,0,0.7948226831547484,3130,0.0,0.0,34.92,58.76,101659,394067
2019Floor5.csv,5,1,F5-Z1,z1_Light(kW),light,525600,524862,0.001404109589041136,0,0,0.5557327449882065,833,0.0,0.0,5.82,15.83,0,393975
2019Floor5.csv,5,1,F5-Z1,z1_Plug(kW),plug,525600,524986,0.0011681887366818966,0,0,4.5715504794413564e-05,404,0.0,0.25,2.08,5.55,741,200458
2019Floor5.csv,5,1,F5-Z1,z1_S1(degC),temperature,525600,359015,0.3169425418569254,0,0,0.0,1804,10.83,24.65,28.94,30.9,0,105881
2019Floor5.csv,5,1,F5-Z1,z1_S1(RH%),humidity,525600,359015,0.3169425418569254,0,0,0.0,3810,46.55,69.69,84.83,91.74,0,29434
2019Floor5.csv,5,1,F5-Z1,z1_S1(lux),lux,525600,359015,0.3169425418569254,0,0,0.492684149687339,68,0.0,1.0,54.0,67.0,0,300296
2019Floor5.csv,5,2,F5-Z2,z2_AC1(kW),ac,525600,495537,0.05719748858447493,0,0,0.7946793074987337,2740,0.0,0.0,27.44,57.43,101744,394299
2019Floor5.csv,5,2,F5-Z2,z2_Light(kW),light,525600,504272,0.040578386605783834,0,0,0.5584624964304978,626,0.0,0.0,4.22,14.32,1,392894
2019Floor5.csv,5,2,F5-Z2,z2_Plug(kW),plug,525600,504272,0.040578386605783834,0,0,0.025541771107656184,144,0.0,0.03,0.66,1.94,16530,342163
2019Floor5.csv,5,2,F5-Z2,z2_S1(degC),temperature,525600,301827,0.42574771689497715,0,0,0.0,1037,18.63,24.81,28.6,30.5,0,88595
2019Floor5.csv,5,2,F5-Z2,z2_S1(RH%),humidity,525600,301827,0.42574771689497715,0,0,0.0,3307,43.73,66.26,78.79,81.9,0,22055
2019Floor5.csv,5,2,F5-Z2,z2_S1(lux),lux,525600,301827,0.42574771689497715,0,0,0.5926540700467486,47,0.0,0.0,40.0,47.0,0,260677
2019Floor5.csv,5,3,F5-Z3,z3_Light(kW),light,525600,523486,0.004022070015220702,0,0,0.00038587469387911045,196,0.0,0.16,1.38,3.16,6,376360
2019Floor5.csv,5,3,F5-Z3,z3_Plug(kW),plug,525600,524794,0.0015334855403348335,0,0,0.0035537753861515186,57,0.0,0.28,0.32,0.85,11023,481405
2019Floor5.csv,5,4,F5-Z4,z4_AC1(kW),ac,525600,495679,0.056927321156773236,0,0,0.7944919998628145,3543,0.0,0.0,33.59,58.33,101866,395314
2019Floor5.csv,5,4,F5-Z4,z4_Light(kW),light,525600,518143,0.014187595129375952,0,0,0.503868623140716,556,0.0,0.0,3.69,26.61,8,409327
2019Floor5.csv,5,4,F5-Z4,z4_Plug(kW),plug,525600,524824,0.0014764079147641107,0,0,0.0004915933722543177,449,0.0,0.37,2.25,12.56,114,225062
2019Floor5.csv,5,4,F5-Z4,z4_S1(degC),temperature,525600,391955,0.2542713089802131,0,0,0.0,1110,17.51,24.29,28.36,29.99,0,117624
2019Floor5.csv,5,4,F5-Z4,z4_S1(RH%),humidity,525600,391954,0.2542732115677321,0,0,0.0,2961,48.86,70.51,78.99,81.98,0,27138
2019Floor5.csv,5,4,F5-Z4,z4_S1(lux),lux,525600,391956,0.254269406392694,0,0,0.5061231362703977,63,0.0,0.0,54.0,62.0,0,328394
2019Floor5.csv,5,5,F5-Z5,z5_AC1(kW),ac,525600,495576,0.05712328767123287,0,0,0.7903732222706508,1945,0.0,0.0,11.1,56.24,103886,397259
2019Floor5.csv,5,5,F5-Z5,z5_Light(kW),light,525600,518135,0.014202815829528204,0,0,0.5684908373300395,454,0.0,0.0,2.97,21.14,8,425092
2019Floor5.csv,5,5,F5-Z5,z5_Plug(kW),plug,525600,523043,0.004864916286149157,0,0,0.18352984362662345,146,0.0,0.02,0.51,3.41,112,408282
2019Floor5.csv,5,5,F5-Z5,z5_S1(degC),temperature,525600,419328,0.2021917808219178,0,0,0.0,1002,19.22,25.23,28.56,30.9,0,129058
2019Floor5.csv,5,5,F5-Z5,z5_S1(RH%),humidity,525600,419329,0.20218987823439882,0,0,0.0,2580,48.89,69.56,76.74,83.41,0,47020
2019Floor5.csv,5,5,F5-Z5,z5_S1(lux),lux,525600,419330,0.20218797564687974,0,0,0.020113037464526744,55,0.0,1.0,47.0,54.0,0,354807
2019Floor6.csv,6,1,F6-Z1,z1_AC1(kW),ac,525600,423560,0.19414003044140027,0,0,0.7903366701293796,2661,0.0,0.0,28.03,51.33,88805,336211
2019Floor6.csv,6,1,F6-Z1,z1_Light(kW),light,525600,423525,0.1942066210045662,0,0,0.5404049347736262,451,0.0,0.0,3.77,7.33,0,347521
2019Floor6.csv,6,1,F6-Z1,z1_Plug(kW),plug,525600,423465,0.19432077625570776,0,0,8.973586955238331e-05,286,0.0,0.28,1.41,3.27,520,236205
2019Floor6.csv,6,1,F6-Z1,z1_S1(degC),temperature,525600,315353,0.4000133181126332,0,0,0.0,1174,18.38,25.54,29.83,32.9,0,92828
2019Floor6.csv,6,1,F6-Z1,z1_S1(RH%),humidity,525600,315352,0.40001522070015216,0,0,0.0,3667,44.75,65.34,79.83,86.9,0,28937
2019Floor6.csv,6,1,F6-Z1,z1_S1(lux),lux,525600,315350,0.4000190258751902,0,0,0.45658157602663707,63,0.0,2.0,55.0,85.0,0,266392
2019Floor6.csv,6,2,F6-Z2,z2_AC1(kW),ac,525600,423568,0.19412480974124813,0,0,0.7700770596456767,2287,0.0,0.0,25.42,53.39,97388,327893
2019Floor6.csv,6,2,F6-Z2,z2_Light(kW),light,525600,423525,0.1942066210045662,0,0,0.0007720913759518328,851,0.0,1.33,7.05,11.25,0,302241
2019Floor6.csv,6,2,F6-Z2,z2_Plug(kW),plug,525600,423569,0.19412290715372904,0,0,0.00017942767294112648,223,0.0,0.2,1.42,2.78,45,207230
2019Floor6.csv,6,2,F6-Z2,z2_S1(degC),temperature,525600,294789,0.4391381278538813,0,0,0.0,1207,18.15,25.38,29.73,31.9,0,92520
2019Floor6.csv,6,2,F6-Z2,z2_S1(RH%),humidity,525600,294789,0.4391381278538813,0,0,0.0,3395,46.89,62.27,79.56,85.9,0,35098
2019Floor6.csv,6,2,F6-Z2,z2_S1(lux),lux,525600,294789,0.4391381278538813,0,0,0.4599900267649064,78,0.0,1.0,66.0,78.0,0,251250
2019Floor6.csv,6,3,F6-Z3,z3_Light(kW),light,525600,423578,0.1941057838660578,0,0,5.4299326216186865e-05,291,0.0,0.93,2.35,3.33,0,247462
2019Floor6.csv,6,3,F6-Z3,z3_Plug(kW),plug,525600,423573,0.19411529680365291,0,0,0.00016762163782866235,27,0.0,0.29,0.29,0.56,2660,346860
2019Floor6.csv,6,4,F6-Z4,z4_AC1(kW),ac,525600,423456,0.194337899543379,0,0,0.9950171918688128,105,0.0,0.0,0.0,1.86,2110,422571
2019Floor6.csv,6,4,F6-Z4,z4_AC2(kW),ac,525600,423456,0.194337899543379,0,0,0.9801750358951107,346,0.0,0.0,0.16,3.78,8395,419112
2019Floor6.csv,6,4,F6-Z4,z4_AC3(kW),ac,525600,423456,0.194337899543379,0,0,0.9991427680798005,45,0.0,0.0,0.0,1.3,363,423172
2019Floor6.csv,6,4,F6-Z4,z4_AC4(kW),ac,525600,423561,0.1941381278538813,0,0,0.7906700569693621,3305,0.0,0.0,33.29,59.55,88664,336417
2019Floor6.csv,6,4,F6-Z4,z4_Light(kW),light,525600,423520,0.1942161339421613,0,0,0.529866358141292,545,0.0,0.0,4.52,8.74,0,334317
2019Floor6.csv,6,4,F6-Z4,z4_Plug(kW),plug,525600,423577,0.1941076864535769,0,0,0.0001369290589432382,333,0.0,0.13,1.79,3.8,2161,199779
2019Floor6.csv,6,4,F6-Z4,z4_S1(degC),temperature,525600,327093,0.3776769406392694,0,0,0.0,1211,17.9,25.37,29.88,32.1,0,99130
2019Floor6.csv,6,4,F6-Z4,z4_S1(RH%),humidity,525600,327094,0.3776750380517504,0,0,0.0,2973,44.14,62.78,75.66,81.44,0,21492
2019Floor6.csv,6,4,F6-Z4,z4_S1(lux),lux,525600,327094,0.3776750380517504,0,0,0.5028004182283992,52,0.0,0.0,45.0,53.0,0,291335
2019Floor6.csv,6,5,F6-Z5,z5_AC1(kW),ac,525600,423536,0.1941856925418569,0,0,0.7906836726984247,1988,0.0,0.0,18.836500000000232,47.77,88653,344743
2019Floor6.csv,6,5,F6-Z5,z5_Light(kW),light,525600,423137,0.1949448249619482,0,0,0.56856526373255,335,0.0,0.0,2.75,5.26,0,359837
2019Floor6.csv,6,5,F6-Z5,z5_Plug(kW),plug,525600,423520,0.1942161339421613,0,0,0.0005430676237249717,194,0.0,0.08,0.6,2.14,841,277340
2019Floor6.csv,6,5,F6-Z5,z5_S1(degC),temperature,525600,323849,0.38384893455098934,0,0,0.0,1183,18.22,25.48,29.6,31.9,0,100009
2019Floor6.csv,6,5,F6-Z5,z5_S1(RH%),humidity,525600,323842,0.3838622526636225,0,0,0.0,2782,47.78,63.7,76.34,82.6,0,27283
2019Floor6.csv,6,5,F6-Z5,z5_S1(lux),lux,525600,323849,0.38384893455098934,0,0,0.4850377799530028,62,0.0,2.0,55.0,61.0,0,287143
2019Floor7.csv,7,1,F7-Z1,z1_AC1(kW),ac,525600,521187,0.008396118721461177,0,0,1.0,1,0.0,0.0,0.0,0.0,0,519416
2019Floor7.csv,7,1,F7-Z1,z1_AC2(kW),ac,525600,521187,0.008396118721461177,0,0,0.4417531519397069,78,0.0,0.01,0.31,1.08,614,442056
2019Floor7.csv,7,1,F7-Z1,z1_AC3(kW),ac,525600,521187,0.008396118721461177,0,0,0.276326922966229,111,0.0,0.01,0.45,1.28,8384,441589
2019Floor7.csv,7,1,F7-Z1,z1_AC4(kW),ac,525600,495812,0.05667427701674277,0,0,0.747454680403056,3153,0.0,0.0,37.64,49.86,116002,371245
2019Floor7.csv,7,1,F7-Z1,z1_Light(kW),light,525600,523056,0.004840182648401803,0,0,0.5164035973203634,396,0.0,0.0,3.19,5.72,0,426030
2019Floor7.csv,7,1,F7-Z1,z1_Plug(kW),plug,525600,524823,0.0014783105022830867,0,0,0.0034468763754637276,238,0.0,0.07,1.03,3.38,3750,162625
2019Floor7.csv,7,1,F7-Z1,z1_S1(degC),temperature,525600,424101,0.19311073059360728,0,0,0.0,1574,15.66,24.92,31.2,33.9,0,116569
2019Floor7.csv,7,1,F7-Z1,z1_S1(RH%),humidity,525600,424103,0.19310692541856922,0,0,0.0,3838,39.85,68.38,79.27,86.23,0,30805
2019Floor7.csv,7,1,F7-Z1,z1_S1(lux),lux,525600,424103,0.19310692541856922,0,0,0.46732043866702194,68,0.0,1.0,57.0,67.0,34582,394789
2019Floor7.csv,7,2,F7-Z2,z2_AC1(kW),ac,525600,495807,0.05668378995433787,0,0,0.7542672854558327,2360,0.0,0.0,29.92,58.13,121836,374793
2019Floor7.csv,7,2,F7-Z2,z2_Light(kW),light,525600,523056,0.004840182648401803,0,0,0.5241102291150469,427,0.0,0.0,3.25,8.05,0,423558
2019Floor7.csv,7,2,F7-Z2,z2_Plug(kW),plug,525600,522708,0.005502283105022876,0,0,0.16528731146261394,127,0.0,0.01,0.76,1.37,37583,430442
2019Floor7.csv,7,2,F7-Z2,z2_S1(degC),temperature,525600,424704,0.19196347031963468,0,0,0.0,1317,18.84,25.89,31.64,33.9,0,124281
2019Floor7.csv,7,2,F7-Z2,z2_S1(RH%),humidity,525600,424703,0.19196537290715376,0,0,0.0,3916,39.79,68.78,79.48,86.9,0,26570
2019Floor7.csv,7,2,F7-Z2,z2_S1(lux),lux,525600,424700,0.1919710806697108,0,0,0.474101718860372,54,0.0,3.0,45.0,53.0,0,365035
2019Floor7.csv,7,3,F7-Z3,z3_Light(kW),light,525600,523836,0.0033561643835616772,0,0,0.0011644865950411962,76,0.0,0.04,0.45,0.89,265,475809
2019Floor7.csv,7,3,F7-Z3,z3_Plug(kW),plug,525600,522368,0.006149162861491586,0,0,0.18173777873070326,71,0.0,0.21,0.3,1.12,46,461275
2019Floor7.csv,7,4,F7-Z4,z4_AC1(kW),ac,525600,495825,0.056649543378995415,0,0,0.7747330207230374,2869,0.0,0.0,32.24,59.22,111693,385312
2019Floor7.csv,7,4,F7-Z4,z4_Light(kW),light,525600,518177,0.014122907153729103,0,0,0.1317387687990783,637,0.0,0.9,5.09,12.35,0,350034
2019Floor7.csv,7,4,F7-Z4,z4_Plug(kW),plug,525600,521187,0.008396118721461177,0,0,0.00018419492427861785,311,0.0,0.1,1.03,3.46,939,359189
2019Floor7.csv,7,4,F7-Z4,z4_S1(degC),temperature,525600,416245,0.20805745814307464,0,0,0.0,1548,17.53,26.33,32.37,35.73,0,95570
2019Floor7.csv,7,4,F7-Z4,z4_S1(RH%),humidity,525600,416244,0.2080593607305936,0,0,0.0,4303,37.62,66.48,80.61,88.6,0,16579
2019Floor7.csv,7,4,F7-Z4,z4_S1(lux),lux,525600,416241,0.20806506849315065,0,0,0.5077419091343717,74,0.0,0.0,64.0,73.0,0,350644
2019Floor7.csv,7,5,F7-Z5,z5_AC1(kW),ac,525600,495831,0.056638127853881226,0,0,0.7740238105322176,2078,0.0,0.0,19.05,47.84,112046,390923
2019Floor7.csv,7,5,F7-Z5,z5_Light(kW),light,525600,521510,0.007781582952815835,0,0,0.5495465091752795,684,0.0,0.0,5.58,13.09,0,404723
2019Floor7.csv,7,5,F7-Z5,z5_Plug(kW),plug,525600,521187,0.008396118721461177,0,0,0.36363723577142176,198,0.0,0.03,0.75,2.12,19946,423230
2019Floor7.csv,7,5,F7-Z5,z5_S1(degC),temperature,525600,407701,0.22431316590563166,0,0,0.0,1294,19.14,26.67,31.65,34.4,0,106283
2019Floor7.csv,7,5,F7-Z5,z5_S1(RH%),humidity,525600,407701,0.22431316590563166,0,0,0.0,4242,37.14,65.43,77.63,84.92,0,21381
2019Floor7.csv,7,5,F7-Z5,z5_S1(lux),lux,525600,407700,0.22431506849315064,0,0,0.5364753495217072,79,0.0,0.0,68.0,78.0,0,337833
