file,MiB,year,floor
2018Floor1.csv,19.600821495056152,2018,1
2018Floor2.csv,39.321858406066895,2018,2
2018Floor3.csv,28.790946006774902,2018,3
2018Floor4.csv,30.25857448577881,2018,4
2018Floor5.csv,32.06728267669678,2018,5
2018Floor6.csv,32.622074127197266,2018,6
2018Floor7.csv,32.867350578308105,2018,7
2019Floor1.csv,38.61222743988037,2019,1
2019Floor2.csv,91.34508037567139,2019,2
2019Floor3.csv,73.72992324829102,2019,3
2019Floor4.csv,72.9130277633667,2019,4
2019Floor5.csv,71.99472999572754,2019,5
2019Floor6.csv,59.80575466156006,2019,6
2019Floor7.csv,62.174044609069824,2019,7
