column,floor,zone,zone_id,device,unit,kind,file
z1_Light(kW),1,1,F1-Z1,Light,kW,light,2018Floor1.csv
z1_Plug(kW),1,1,F1-Z1,Plug,kW,plug,2018Floor1.csv
z2_AC1(kW),1,2,F1-Z2,AC1,kW,ac,2018Floor1.csv
z2_AC2(kW),1,2,F1-Z2,AC2,kW,ac,2018Floor1.csv
z2_AC3(kW),1,2,F1-Z2,AC3,kW,ac,2018Floor1.csv
z2_AC4(kW),1,2,F1-Z2,AC4,kW,ac,2018Floor1.csv
z2_Light(kW),1,2,F1-Z2,Light,kW,light,2018Floor1.csv
z2_Plug(kW),1,2,F1-Z2,Plug,kW,plug,2018Floor1.csv
z3_Light(kW),1,3,F1-Z3,Light,kW,light,2018Floor1.csv
z3_Plug(kW),1,3,F1-Z3,Plug,kW,plug,2018Floor1.csv
z4_Light(kW),1,4,F1-Z4,Light,kW,light,2018Floor1.csv
z1_AC1(kW),2,1,F2-Z1,AC1,kW,ac,2018Floor2.csv
z1_Light(kW),2,1,F2-Z1,Light,kW,light,2018Floor2.csv
z1_Plug(kW),2,1,F2-Z1,Plug,kW,plug,2018Floor2.csv
z1_S1(degC),2,1,F2-Z1,S1,degC,temperature,2018Floor2.csv
z1_S1(RH%),2,1,F2-Z1,S1,RH%,humidity,2018Floor2.csv
z1_S1(lux),2,1,F2-Z1,S1,lux,lux,2018Floor2.csv
z2_AC1(kW),2,2,F2-Z2,AC1,kW,ac,2018Floor2.csv
z2_AC2(kW),2,2,F2-Z2,AC2,kW,ac,2018Floor2.csv
z2_AC3(kW),2,2,F2-Z2,AC3,kW,ac,2018Floor2.csv
z2_AC4(kW),2,2,F2-Z2,AC4,kW,ac,2018Floor2.csv
z2_AC5(kW),2,2,F2-Z2,AC5,kW,ac,2018Floor2.csv
z2_AC6(kW),2,2,F2-Z2,AC6,kW,ac,2018Floor2.csv
z2_AC7(kW),2,2,F2-Z2,AC7,kW,ac,2018Floor2.csv
z2_AC8(kW),2,2,F2-Z2,AC8,kW,ac,2018Floor2.csv
z2_AC9(kW),2,2,F2-Z2,AC9,kW,ac,2018Floor2.csv
z2_AC10(kW),2,2,F2-Z2,AC10,kW,ac,2018Floor2.csv
z2_AC11(kW),2,2,F2-Z2,AC11,kW,ac,2018Floor2.csv
z2_AC12(kW),2,2,F2-Z2,AC12,kW,ac,2018Floor2.csv
z2_AC13(kW),2,2,F2-Z2,AC13,kW,ac,2018Floor2.csv
z2_AC14(kW),2,2,F2-Z2,AC14,kW,ac,2018Floor2.csv
z2_Light(kW),2,2,F2-Z2,Light,kW,light,2018Floor2.csv
z2_Plug(kW),2,2,F2-Z2,Plug,kW,plug,2018Floor2.csv
z2_S1(degC),2,2,F2-Z2,S1,degC,temperature,2018Floor2.csv
z2_S1(RH%),2,2,F2-Z2,S1,RH%,humidity,2018Floor2.csv
z2_S1(lux),2,2,F2-Z2,S1,lux,lux,2018Floor2.csv
z3_Light(kW),2,3,F2-Z3,Light,kW,light,2018Floor2.csv
z3_Plug(kW),2,3,F2-Z3,Plug,kW,plug,2018Floor2.csv
z3_S1(degC),2,3,F2-Z3,S1,degC,temperature,2018Floor2.csv
z3_S1(RH%),2,3,F2-Z3,S1,RH%,humidity,2018Floor2.csv
z3_S1(lux),2,3,F2-Z3,S1,lux,lux,2018Floor2.csv
z4_AC1(kW),2,4,F2-Z4,AC1,kW,ac,2018Floor2.csv
z4_Light(kW),2,4,F2-Z4,Light,kW,light,2018Floor2.csv
z4_Plug(kW),2,4,F2-Z4,Plug,kW,plug,2018Floor2.csv
z4_S1(degC),2,4,F2-Z4,S1,degC,temperature,2018Floor2.csv
z4_S1(RH%),2,4,F2-Z4,S1,RH%,humidity,2018Floor2.csv
z4_S1(lux),2,4,F2-Z4,S1,lux,lux,2018Floor2.csv
z1_AC1(kW),3,1,F3-Z1,AC1,kW,ac,2018Floor3.csv
z1_AC2(kW),3,1,F3-Z1,AC2,kW,ac,2018Floor3.csv
z1_AC3(kW),3,1,F3-Z1,AC3,kW,ac,2018Floor3.csv
z1_AC4(kW),3,1,F3-Z1,AC4,kW,ac,2018Floor3.csv
z1_Light(kW),3,1,F3-Z1,Light,kW,light,2018Floor3.csv
z1_Plug(kW),3,1,F3-Z1,Plug,kW,plug,2018Floor3.csv
z1_S1(degC),3,1,F3-Z1,S1,degC,temperature,2018Floor3.csv
z1_S1(RH%),3,1,F3-Z1,S1,RH%,humidity,2018Floor3.csv
z1_S1(lux),3,1,F3-Z1,S1,lux,lux,2018Floor3.csv
z2_AC1(kW),3,2,F3-Z2,AC1,kW,ac,2018Floor3.csv
z2_Light(kW),3,2,F3-Z2,Light,kW,light,2018Floor3.csv
z2_Plug(kW),3,2,F3-Z2,Plug,kW,plug,2018Floor3.csv
z2_S1(degC),3,2,F3-Z2,S1,degC,temperature,2018Floor3.csv
z2_S1(RH%),3,2,F3-Z2,S1,RH%,humidity,2018Floor3.csv
z2_S1(lux),3,2,F3-Z2,S1,lux,lux,2018Floor3.csv
z3_Light(kW),3,3,F3-Z3,Light,kW,light,2018Floor3.csv
z3_Plug(kW),3,3,F3-Z3,Plug,kW,plug,2018Floor3.csv
z4_AC1(kW),3,4,F3-Z4,AC1,kW,ac,2018Floor3.csv
z4_Light(kW),3,4,F3-Z4,Light,kW,light,2018Floor3.csv
z4_Plug(kW),3,4,F3-Z4,Plug,kW,plug,2018Floor3.csv
z4_S1(degC),3,4,F3-Z4,S1,degC,temperature,2018Floor3.csv
z4_S1(RH%),3,4,F3-Z4,S1,RH%,humidity,2018Floor3.csv
z4_S1(lux),3,4,F3-Z4,S1,lux,lux,2018Floor3.csv
z5_AC1(kW),3,5,F3-Z5,AC1,kW,ac,2018Floor3.csv
z5_Light(kW),3,5,F3-Z5,Light,kW,light,2018Floor3.csv
z5_Plug(kW),3,5,F3-Z5,Plug,kW,plug,2018Floor3.csv
z5_S1(degC),3,5,F3-Z5,S1,degC,temperature,2018Floor3.csv
z5_S1(RH%),3,5,F3-Z5,S1,RH%,humidity,2018Floor3.csv
z5_S1(lux),3,5,F3-Z5,S1,lux,lux,2018Floor3.csv
z1_AC1(kW),4,1,F4-Z1,AC1,kW,ac,2018Floor4.csv
z1_AC2(kW),4,1,F4-Z1,AC2,kW,ac,2018Floor4.csv
z1_AC3(kW),4,1,F4-Z1,AC3,kW,ac,2018Floor4.csv
z1_AC4(kW),4,1,F4-Z1,AC4,kW,ac,2018Floor4.csv
z1_Light(kW),4,1,F4-Z1,Light,kW,light,2018Floor4.csv
z1_Plug(kW),4,1,F4-Z1,Plug,kW,plug,2018Floor4.csv
z1_S1(degC),4,1,F4-Z1,S1,degC,temperature,2018Floor4.csv
z1_S1(RH%),4,1,F4-Z1,S1,RH%,humidity,2018Floor4.csv
z1_S1(lux),4,1,F4-Z1,S1,lux,lux,2018Floor4.csv
z2_AC1(kW),4,2,F4-Z2,AC1,kW,ac,2018Floor4.csv
z2_Light(kW),4,2,F4-Z2,Light,kW,light,2018Floor4.csv
z2_Plug(kW),4,2,F4-Z2,Plug,kW,plug,2018Floor4.csv
z2_S1(degC),4,2,F4-Z2,S1,degC,temperature,2018Floor4.csv
z2_S1(RH%),4,2,F4-Z2,S1,RH%,humidity,2018Floor4.csv
z2_S1(lux),4,2,F4-Z2,S1,lux,lux,2018Floor4.csv
z3_Light(kW),4,3,F4-Z3,Light,kW,light,2018Floor4.csv
z3_Plug(kW),4,3,F4-Z3,Plug,kW,plug,2018Floor4.csv
z4_AC1(kW),4,4,F4-Z4,AC1,kW,ac,2018Floor4.csv
z4_Light(kW),4,4,F4-Z4,Light,kW,light,2018Floor4.csv
z4_Plug(kW),4,4,F4-Z4,Plug,kW,plug,2018Floor4.csv
z4_S1(degC),4,4,F4-Z4,S1,degC,temperature,2018Floor4.csv
z4_S1(RH%),4,4,F4-Z4,S1,RH%,humidity,2018Floor4.csv
z4_S1(lux),4,4,F4-Z4,S1,lux,lux,2018Floor4.csv
z5_AC1(kW),4,5,F4-Z5,AC1,kW,ac,2018Floor4.csv
z5_Light(kW),4,5,F4-Z5,Light,kW,light,2018Floor4.csv
z5_Plug(kW),4,5,F4-Z5,Plug,kW,plug,2018Floor4.csv
z5_S1(degC),4,5,F4-Z5,S1,degC,temperature,2018Floor4.csv
z5_S1(RH%),4,5,F4-Z5,S1,RH%,humidity,2018Floor4.csv
z5_S1(lux),4,5,F4-Z5,S1,lux,lux,2018Floor4.csv
z1_AC1(kW),5,1,F5-Z1,AC1,kW,ac,2018Floor5.csv
z1_AC2(kW),5,1,F5-Z1,AC2,kW,ac,2018Floor5.csv
z1_AC3(kW),5,1,F5-Z1,AC3,kW,ac,2018Floor5.csv
z1_AC4(kW),5,1,F5-Z1,AC4,kW,ac,2018Floor5.csv
z1_Light(kW),5,1,F5-Z1,Light,kW,light,2018Floor5.csv
z1_Plug(kW),5,1,F5-Z1,Plug,kW,plug,2018Floor5.csv
z1_S1(degC),5,1,F5-Z1,S1,degC,temperature,2018Floor5.csv
z1_S1(RH%),5,1,F5-Z1,S1,RH%,humidity,2018Floor5.csv
z1_S1(lux),5,1,F5-Z1,S1,lux,lux,2018Floor5.csv
z2_AC1(kW),5,2,F5-Z2,AC1,kW,ac,2018Floor5.csv
z2_Light(kW),5,2,F5-Z2,Light,kW,light,2018Floor5.csv
z2_Plug(kW),5,2,F5-Z2,Plug,kW,plug,2018Floor5.csv
z2_S1(degC),5,2,F5-Z2,S1,degC,temperature,2018Floor5.csv
z2_S1(RH%),5,2,F5-Z2,S1,RH%,humidity,2018Floor5.csv
z2_S1(lux),5,2,F5-Z2,S1,lux,lux,2018Floor5.csv
z3_Light(kW),5,3,F5-Z3,Light,kW,light,2018Floor5.csv
z3_Plug(kW),5,3,F5-Z3,Plug,kW,plug,2018Floor5.csv
z4_AC1(kW),5,4,F5-Z4,AC1,kW,ac,2018Floor5.csv
z4_Light(kW),5,4,F5-Z4,Light,kW,light,2018Floor5.csv
z4_Plug(kW),5,4,F5-Z4,Plug,kW,plug,2018Floor5.csv
z4_S1(degC),5,4,F5-Z4,S1,degC,temperature,2018Floor5.csv
z4_S1(RH%),5,4,F5-Z4,S1,RH%,humidity,2018Floor5.csv
z4_S1(lux),5,4,F5-Z4,S1,lux,lux,2018Floor5.csv
z5_AC1(kW),5,5,F5-Z5,AC1,kW,ac,2018Floor5.csv
z5_Light(kW),5,5,F5-Z5,Light,kW,light,2018Floor5.csv
z5_Plug(kW),5,5,F5-Z5,Plug,kW,plug,2018Floor5.csv
z5_S1(degC),5,5,F5-Z5,S1,degC,temperature,2018Floor5.csv
z5_S1(RH%),5,5,F5-Z5,S1,RH%,humidity,2018Floor5.csv
z5_S1(lux),5,5,F5-Z5,S1,lux,lux,2018Floor5.csv
z1_AC1(kW),6,1,F6-Z1,AC1,kW,ac,2018Floor6.csv
z1_Light(kW),6,1,F6-Z1,Light,kW,light,2018Floor6.csv
z1_Plug(kW),6,1,F6-Z1,Plug,kW,plug,2018Floor6.csv
z1_S1(degC),6,1,F6-Z1,S1,degC,temperature,2018Floor6.csv
z1_S1(RH%),6,1,F6-Z1,S1,RH%,humidity,2018Floor6.csv
z1_S1(lux),6,1,F6-Z1,S1,lux,lux,2018Floor6.csv
z2_AC1(kW),6,2,F6-Z2,AC1,kW,ac,2018Floor6.csv
z2_Light(kW),6,2,F6-Z2,Light,kW,light,2018Floor6.csv
z2_Plug(kW),6,2,F6-Z2,Plug,kW,plug,2018Floor6.csv
z2_S1(degC),6,2,F6-Z2,S1,degC,temperature,2018Floor6.csv
z2_S1(RH%),6,2,F6-Z2,S1,RH%,humidity,2018Floor6.csv
z2_S1(lux),6,2,F6-Z2,S1,lux,lux,2018Floor6.csv
z3_Light(kW),6,3,F6-Z3,Light,kW,light,2018Floor6.csv
z3_Plug(kW),6,3,F6-Z3,Plug,kW,plug,2018Floor6.csv
z4_AC1(kW),6,4,F6-Z4,AC1,kW,ac,2018Floor6.csv
z4_AC2(kW),6,4,F6-Z4,AC2,kW,ac,2018Floor6.csv
z4_AC3(kW),6,4,F6-Z4,AC3,kW,ac,2018Floor6.csv
z4_AC4(kW),6,4,F6-Z4,AC4,kW,ac,2018Floor6.csv
z4_Light(kW),6,4,F6-Z4,Light,kW,light,2018Floor6.csv
z4_Plug(kW),6,4,F6-Z4,Plug,kW,plug,2018Floor6.csv
z4_S1(degC),6,4,F6-Z4,S1,degC,temperature,2018Floor6.csv
z4_S1(RH%),6,4,F6-Z4,S1,RH%,humidity,2018Floor6.csv
z4_S1(lux),6,4,F6-Z4,S1,lux,lux,2018Floor6.csv
z5_AC1(kW),6,5,F6-Z5,AC1,kW,ac,2018Floor6.csv
z5_Light(kW),6,5,F6-Z5,Light,kW,light,2018Floor6.csv
z5_Plug(kW),6,5,F6-Z5,Plug,kW,plug,2018Floor6.csv
z5_S1(degC),6,5,F6-Z5,S1,degC,temperature,2018Floor6.csv
z5_S1(RH%),6,5,F6-Z5,S1,RH%,humidity,2018Floor6.csv
z5_S1(lux),6,5,F6-Z5,S1,lux,lux,2018Floor6.csv
z1_AC1(kW),7,1,F7-Z1,AC1,kW,ac,2018Floor7.csv
z1_AC2(kW),7,1,F7-Z1,AC2,kW,ac,2018Floor7.csv
z1_AC3(kW),7,1,F7-Z1,AC3,kW,ac,2018Floor7.csv
z1_AC4(kW),7,1,F7-Z1,AC4,kW,ac,2018Floor7.csv
z1_Light(kW),7,1,F7-Z1,Light,kW,light,2018Floor7.csv
z1_Plug(kW),7,1,F7-Z1,Plug,kW,plug,2018Floor7.csv
z1_S1(degC),7,1,F7-Z1,S1,degC,temperature,2018Floor7.csv
z1_S1(RH%),7,1,F7-Z1,S1,RH%,humidity,2018Floor7.csv
z1_S1(lux),7,1,F7-Z1,S1,lux,lux,2018Floor7.csv
z2_AC1(kW),7,2,F7-Z2,AC1,kW,ac,2018Floor7.csv
z2_Light(kW),7,2,F7-Z2,Light,kW,light,2018Floor7.csv
z2_Plug(kW),7,2,F7-Z2,Plug,kW,plug,2018Floor7.csv
z2_S1(degC),7,2,F7-Z2,S1,degC,temperature,2018Floor7.csv
z2_S1(RH%),7,2,F7-Z2,S1,RH%,humidity,2018Floor7.csv
z2_S1(lux),7,2,F7-Z2,S1,lux,lux,2018Floor7.csv
z3_Light(kW),7,3,F7-Z3,Light,kW,light,2018Floor7.csv
z3_Plug(kW),7,3,F7-Z3,Plug,kW,plug,2018Floor7.csv
z4_AC1(kW),7,4,F7-Z4,AC1,kW,ac,2018Floor7.csv
z4_Light(kW),7,4,F7-Z4,Light,kW,light,2018Floor7.csv
z4_Plug(kW),7,4,F7-Z4,Plug,kW,plug,2018Floor7.csv
z4_S1(degC),7,4,F7-Z4,S1,degC,temperature,2018Floor7.csv
z4_S1(RH%),7,4,F7-Z4,S1,RH%,humidity,2018Floor7.csv
z4_S1(lux),7,4,F7-Z4,S1,lux,lux,2018Floor7.csv
z5_AC1(kW),7,5,F7-Z5,AC1,kW,ac,2018Floor7.csv
z5_Light(kW),7,5,F7-Z5,Light,kW,light,2018Floor7.csv
z5_Plug(kW),7,5,F7-Z5,Plug,kW,plug,2018Floor7.csv
z5_S1(degC),7,5,F7-Z5,S1,degC,temperature,2018Floor7.csv
z5_S1(RH%),7,5,F7-Z5,S1,RH%,humidity,2018Floor7.csv
z5_S1(lux),7,5,F7-Z5,S1,lux,lux,2018Floor7.csv
z1_Light(kW),1,1,F1-Z1,Light,kW,light,2019Floor1.csv
z1_Plug(kW),1,1,F1-Z1,Plug,kW,plug,2019Floor1.csv
z2_AC1(kW),1,2,F1-Z2,AC1,kW,ac,2019Floor1.csv
z2_AC2(kW),1,2,F1-Z2,AC2,kW,ac,2019Floor1.csv
z2_AC3(kW),1,2,F1-Z2,AC3,kW,ac,2019Floor1.csv
z2_AC4(kW),1,2,F1-Z2,AC4,kW,ac,2019Floor1.csv
z2_Light(kW),1,2,F1-Z2,Light,kW,light,2019Floor1.csv
z2_Plug(kW),1,2,F1-Z2,Plug,kW,plug,2019Floor1.csv
z3_Light(kW),1,3,F1-Z3,Light,kW,light,2019Floor1.csv
z3_Plug(kW),1,3,F1-Z3,Plug,kW,plug,2019Floor1.csv
z4_Light(kW),1,4,F1-Z4,Light,kW,light,2019Floor1.csv
z1_AC1(kW),2,1,F2-Z1,AC1,kW,ac,2019Floor2.csv
z1_Light(kW),2,1,F2-Z1,Light,kW,light,2019Floor2.csv
z1_Plug(kW),2,1,F2-Z1,Plug,kW,plug,2019Floor2.csv
z1_S1(degC),2,1,F2-Z1,S1,degC,temperature,2019Floor2.csv
z1_S1(RH%),2,1,F2-Z1,S1,RH%,humidity,2019Floor2.csv
z1_S1(lux),2,1,F2-Z1,S1,lux,lux,2019Floor2.csv
z2_AC1(kW),2,2,F2-Z2,AC1,kW,ac,2019Floor2.csv
z2_AC2(kW),2,2,F2-Z2,AC2,kW,ac,2019Floor2.csv
z2_AC3(kW),2,2,F2-Z2,AC3,kW,ac,2019Floor2.csv
z2_AC4(kW),2,2,F2-Z2,AC4,kW,ac,2019Floor2.csv
z2_AC5(kW),2,2,F2-Z2,AC5,kW,ac,2019Floor2.csv
z2_AC6(kW),2,2,F2-Z2,AC6,kW,ac,2019Floor2.csv
z2_AC7(kW),2,2,F2-Z2,AC7,kW,ac,2019Floor2.csv
z2_AC8(kW),2,2,F2-Z2,AC8,kW,ac,2019Floor2.csv
z2_AC9(kW),2,2,F2-Z2,AC9,kW,ac,2019Floor2.csv
z2_AC10(kW),2,2,F2-Z2,AC10,kW,ac,2019Floor2.csv
z2_AC11(kW),2,2,F2-Z2,AC11,kW,ac,2019Floor2.csv
z2_AC12(kW),2,2,F2-Z2,AC12,kW,ac,2019Floor2.csv
z2_AC13(kW),2,2,F2-Z2,AC13,kW,ac,2019Floor2.csv
z2_AC14(kW),2,2,F2-Z2,AC14,kW,ac,2019Floor2.csv
z2_Light(kW),2,2,F2-Z2,Light,kW,light,2019Floor2.csv
z2_Plug(kW),2,2,F2-Z2,Plug,kW,plug,2019Floor2.csv
z2_S1(degC),2,2,F2-Z2,S1,degC,temperature,2019Floor2.csv
z2_S1(RH%),2,2,F2-Z2,S1,RH%,humidity,2019Floor2.csv
z2_S1(lux),2,2,F2-Z2,S1,lux,lux,2019Floor2.csv
z3_Light(kW),2,3,F2-Z3,Light,kW,light,2019Floor2.csv
z3_Plug(kW),2,3,F2-Z3,Plug,kW,plug,2019Floor2.csv
z3_S1(degC),2,3,F2-Z3,S1,degC,temperature,2019Floor2.csv
z3_S1(RH%),2,3,F2-Z3,S1,RH%,humidity,2019Floor2.csv
z3_S1(lux),2,3,F2-Z3,S1,lux,lux,2019Floor2.csv
z4_AC1(kW),2,4,F2-Z4,AC1,kW,ac,2019Floor2.csv
z4_Light(kW),2,4,F2-Z4,Light,kW,light,2019Floor2.csv
z4_Plug(kW),2,4,F2-Z4,Plug,kW,plug,2019Floor2.csv
z4_S1(degC),2,4,F2-Z4,S1,degC,temperature,2019Floor2.csv
z4_S1(RH%),2,4,F2-Z4,S1,RH%,humidity,2019Floor2.csv
z4_S1(lux),2,4,F2-Z4,S1,lux,lux,2019Floor2.csv
z1_AC1(kW),3,1,F3-Z1,AC1,kW,ac,2019Floor3.csv
z1_AC2(kW),3,1,F3-Z1,AC2,kW,ac,2019Floor3.csv
z1_AC3(kW),3,1,F3-Z1,AC3,kW,ac,2019Floor3.csv
z1_AC4(kW),3,1,F3-Z1,AC4,kW,ac,2019Floor3.csv
z1_Light(kW),3,1,F3-Z1,Light,kW,light,2019Floor3.csv
z1_Plug(kW),3,1,F3-Z1,Plug,kW,plug,2019Floor3.csv
z1_S1(degC),3,1,F3-Z1,S1,degC,temperature,2019Floor3.csv
z1_S1(RH%),3,1,F3-Z1,S1,RH%,humidity,2019Floor3.csv
z1_S1(lux),3,1,F3-Z1,S1,lux,lux,2019Floor3.csv
z2_AC1(kW),3,2,F3-Z2,AC1,kW,ac,2019Floor3.csv
z2_Light(kW),3,2,F3-Z2,Light,kW,light,2019Floor3.csv
z2_Plug(kW),3,2,F3-Z2,Plug,kW,plug,2019Floor3.csv
z2_S1(degC),3,2,F3-Z2,S1,degC,temperature,2019Floor3.csv
z2_S1(RH%),3,2,F3-Z2,S1,RH%,humidity,2019Floor3.csv
z2_S1(lux),3,2,F3-Z2,S1,lux,lux,2019Floor3.csv
z3_Light(kW),3,3,F3-Z3,Light,kW,light,2019Floor3.csv
z3_Plug(kW),3,3,F3-Z3,Plug,kW,plug,2019Floor3.csv
z4_AC1(kW),3,4,F3-Z4,AC1,kW,ac,2019Floor3.csv
z4_Light(kW),3,4,F3-Z4,Light,kW,light,2019Floor3.csv
z4_Plug(kW),3,4,F3-Z4,Plug,kW,plug,2019Floor3.csv
z4_S1(degC),3,4,F3-Z4,S1,degC,temperature,2019Floor3.csv
z4_S1(RH%),3,4,F3-Z4,S1,RH%,humidity,2019Floor3.csv
z4_S1(lux),3,4,F3-Z4,S1,lux,lux,2019Floor3.csv
z5_AC1(kW),3,5,F3-Z5,AC1,kW,ac,2019Floor3.csv
z5_Light(kW),3,5,F3-Z5,Light,kW,light,2019Floor3.csv
z5_Plug(kW),3,5,F3-Z5,Plug,kW,plug,2019Floor3.csv
z5_S1(degC),3,5,F3-Z5,S1,degC,temperature,2019Floor3.csv
z5_S1(RH%),3,5,F3-Z5,S1,RH%,humidity,2019Floor3.csv
z5_S1(lux),3,5,F3-Z5,S1,lux,lux,2019Floor3.csv
z1_AC1(kW),4,1,F4-Z1,AC1,kW,ac,2019Floor4.csv
z1_AC2(kW),4,1,F4-Z1,AC2,kW,ac,2019Floor4.csv
z1_AC3(kW),4,1,F4-Z1,AC3,kW,ac,2019Floor4.csv
z1_AC4(kW),4,1,F4-Z1,AC4,kW,ac,2019Floor4.csv
z1_Light(kW),4,1,F4-Z1,Light,kW,light,2019Floor4.csv
z1_Plug(kW),4,1,F4-Z1,Plug,kW,plug,2019Floor4.csv
z1_S1(degC),4,1,F4-Z1,S1,degC,temperature,2019Floor4.csv
z1_S1(RH%),4,1,F4-Z1,S1,RH%,humidity,2019Floor4.csv
z1_S1(lux),4,1,F4-Z1,S1,lux,lux,2019Floor4.csv
z2_AC1(kW),4,2,F4-Z2,AC1,kW,ac,2019Floor4.csv
z2_Light(kW),4,2,F4-Z2,Light,kW,light,2019Floor4.csv
z2_Plug(kW),4,2,F4-Z2,Plug,kW,plug,2019Floor4.csv
z2_S1(degC),4,2,F4-Z2,S1,degC,temperature,2019Floor4.csv
z2_S1(RH%),4,2,F4-Z2,S1,RH%,humidity,2019Floor4.csv
z2_S1(lux),4,2,F4-Z2,S1,lux,lux,2019Floor4.csv
z3_Light(kW),4,3,F4-Z3,Light,kW,light,2019Floor4.csv
z3_Plug(kW),4,3,F4-Z3,Plug,kW,plug,2019Floor4.csv
z4_AC1(kW),4,4,F4-Z4,AC1,kW,ac,2019Floor4.csv
z4_Light(kW),4,4,F4-Z4,Light,kW,light,2019Floor4.csv
z4_Plug(kW),4,4,F4-Z4,Plug,kW,plug,2019Floor4.csv
z4_S1(degC),4,4,F4-Z4,S1,degC,temperature,2019Floor4.csv
z4_S1(RH%),4,4,F4-Z4,S1,RH%,humidity,2019Floor4.csv
z4_S1(lux),4,4,F4-Z4,S1,lux,lux,2019Floor4.csv
z5_AC1(kW),4,5,F4-Z5,AC1,kW,ac,2019Floor4.csv
z5_Light(kW),4,5,F4-Z5,Light,kW,light,2019Floor4.csv
z5_Plug(kW),4,5,F4-Z5,Plug,kW,plug,2019Floor4.csv
z5_S1(degC),4,5,F4-Z5,S1,degC,temperature,2019Floor4.csv
z5_S1(RH%),4,5,F4-Z5,S1,RH%,humidity,2019Floor4.csv
z5_S1(lux),4,5,F4-Z5,S1,lux,lux,2019Floor4.csv
z1_AC1(kW),5,1,F5-Z1,AC1,kW,ac,2019Floor5.csv
z1_AC2(kW),5,1,F5-Z1,AC2,kW,ac,2019Floor5.csv
z1_AC3(kW),5,1,F5-Z1,AC3,kW,ac,2019Floor5.csv
z1_AC4(kW),5,1,F5-Z1,AC4,kW,ac,2019Floor5.csv
z1_Light(kW),5,1,F5-Z1,Light,kW,light,2019Floor5.csv
z1_Plug(kW),5,1,F5-Z1,Plug,kW,plug,2019Floor5.csv
z1_S1(degC),5,1,F5-Z1,S1,degC,temperature,2019Floor5.csv
z1_S1(RH%),5,1,F5-Z1,S1,RH%,humidity,2019Floor5.csv
z1_S1(lux),5,1,F5-Z1,S1,lux,lux,2019Floor5.csv
z2_AC1(kW),5,2,F5-Z2,AC1,kW,ac,2019Floor5.csv
z2_Light(kW),5,2,F5-Z2,Light,kW,light,2019Floor5.csv
z2_Plug(kW),5,2,F5-Z2,Plug,kW,plug,2019Floor5.csv
z2_S1(degC),5,2,F5-Z2,S1,degC,temperature,2019Floor5.csv
z2_S1(RH%),5,2,F5-Z2,S1,RH%,humidity,2019Floor5.csv
z2_S1(lux),5,2,F5-Z2,S1,lux,lux,2019Floor5.csv
z3_Light(kW),5,3,F5-Z3,Light,kW,light,2019Floor5.csv
z3_Plug(kW),5,3,F5-Z3,Plug,kW,plug,2019Floor5.csv
z4_AC1(kW),5,4,F5-Z4,AC1,kW,ac,2019Floor5.csv
z4_Light(kW),5,4,F5-Z4,Light,kW,light,2019Floor5.csv
z4_Plug(kW),5,4,F5-Z4,Plug,kW,plug,2019Floor5.csv
z4_S1(degC),5,4,F5-Z4,S1,degC,temperature,2019Floor5.csv
z4_S1(RH%),5,4,F5-Z4,S1,RH%,humidity,2019Floor5.csv
z4_S1(lux),5,4,F5-Z4,S1,lux,lux,2019Floor5.csv
z5_AC1(kW),5,5,F5-Z5,AC1,kW,ac,2019Floor5.csv
z5_Light(kW),5,5,F5-Z5,Light,kW,light,2019Floor5.csv
z5_Plug(kW),5,5,F5-Z5,Plug,kW,plug,2019Floor5.csv
z5_S1(degC),5,5,F5-Z5,S1,degC,temperature,2019Floor5.csv
z5_S1(RH%),5,5,F5-Z5,S1,RH%,humidity,2019Floor5.csv
z5_S1(lux),5,5,F5-Z5,S1,lux,lux,2019Floor5.csv
z1_AC1(kW),6,1,F6-Z1,AC1,kW,ac,2019Floor6.csv
z1_Light(kW),6,1,F6-Z1,Light,kW,light,2019Floor6.csv
z1_Plug(kW),6,1,F6-Z1,Plug,kW,plug,2019Floor6.csv
z1_S1(degC),6,1,F6-Z1,S1,degC,temperature,2019Floor6.csv
z1_S1(RH%),6,1,F6-Z1,S1,RH%,humidity,2019Floor6.csv
z1_S1(lux),6,1,F6-Z1,S1,lux,lux,2019Floor6.csv
z2_AC1(kW),6,2,F6-Z2,AC1,kW,ac,2019Floor6.csv
z2_Light(kW),6,2,F6-Z2,Light,kW,light,2019Floor6.csv
z2_Plug(kW),6,2,F6-Z2,Plug,kW,plug,2019Floor6.csv
z2_S1(degC),6,2,F6-Z2,S1,degC,temperature,2019Floor6.csv
z2_S1(RH%),6,2,F6-Z2,S1,RH%,humidity,2019Floor6.csv
z2_S1(lux),6,2,F6-Z2,S1,lux,lux,2019Floor6.csv
z3_Light(kW),6,3,F6-Z3,Light,kW,light,2019Floor6.csv
z3_Plug(kW),6,3,F6-Z3,Plug,kW,plug,2019Floor6.csv
z4_AC1(kW),6,4,F6-Z4,AC1,kW,ac,2019Floor6.csv
z4_AC2(kW),6,4,F6-Z4,AC2,kW,ac,2019Floor6.csv
z4_AC3(kW),6,4,F6-Z4,AC3,kW,ac,2019Floor6.csv
z4_AC4(kW),6,4,F6-Z4,AC4,kW,ac,2019Floor6.csv
z4_Light(kW),6,4,F6-Z4,Light,kW,light,2019Floor6.csv
z4_Plug(kW),6,4,F6-Z4,Plug,kW,plug,2019Floor6.csv
z4_S1(degC),6,4,F6-Z4,S1,degC,temperature,2019Floor6.csv
z4_S1(RH%),6,4,F6-Z4,S1,RH%,humidity,2019Floor6.csv
z4_S1(lux),6,4,F6-Z4,S1,lux,lux,2019Floor6.csv
z5_AC1(kW),6,5,F6-Z5,AC1,kW,ac,2019Floor6.csv
z5_Light(kW),6,5,F6-Z5,Light,kW,light,2019Floor6.csv
z5_Plug(kW),6,5,F6-Z5,Plug,kW,plug,2019Floor6.csv
z5_S1(degC),6,5,F6-Z5,S1,degC,temperature,2019Floor6.csv
z5_S1(RH%),6,5,F6-Z5,S1,RH%,humidity,2019Floor6.csv
z5_S1(lux),6,5,F6-Z5,S1,lux,lux,2019Floor6.csv
z1_AC1(kW),7,1,F7-Z1,AC1,kW,ac,2019Floor7.csv
z1_AC2(kW),7,1,F7-Z1,AC2,kW,ac,2019Floor7.csv
z1_AC3(kW),7,1,F7-Z1,AC3,kW,ac,2019Floor7.csv
z1_AC4(kW),7,1,F7-Z1,AC4,kW,ac,2019Floor7.csv
z1_Light(kW),7,1,F7-Z1,Light,kW,light,2019Floor7.csv
z1_Plug(kW),7,1,F7-Z1,Plug,kW,plug,2019Floor7.csv
z1_S1(degC),7,1,F7-Z1,S1,degC,temperature,2019Floor7.csv
z1_S1(RH%),7,1,F7-Z1,S1,RH%,humidity,2019Floor7.csv
z1_S1(lux),7,1,F7-Z1,S1,lux,lux,2019Floor7.csv
z2_AC1(kW),7,2,F7-Z2,AC1,kW,ac,2019Floor7.csv
z2_Light(kW),7,2,F7-Z2,Light,kW,light,2019Floor7.csv
z2_Plug(kW),7,2,F7-Z2,Plug,kW,plug,2019Floor7.csv
z2_S1(degC),7,2,F7-Z2,S1,degC,temperature,2019Floor7.csv
z2_S1(RH%),7,2,F7-Z2,S1,RH%,humidity,2019Floor7.csv
z2_S1(lux),7,2,F7-Z2,S1,lux,lux,2019Floor7.csv
z3_Light(kW),7,3,F7-Z3,Light,kW,light,2019Floor7.csv
z3_Plug(kW),7,3,F7-Z3,Plug,kW,plug,2019Floor7.csv
z4_AC1(kW),7,4,F7-Z4,AC1,kW,ac,2019Floor7.csv
z4_Light(kW),7,4,F7-Z4,Light,kW,light,2019Floor7.csv
z4_Plug(kW),7,4,F7-Z4,Plug,kW,plug,2019Floor7.csv
z4_S1(degC),7,4,F7-Z4,S1,degC,temperature,2019Floor7.csv
z4_S1(RH%),7,4,F7-Z4,S1,RH%,humidity,2019Floor7.csv
z4_S1(lux),7,4,F7-Z4,S1,lux,lux,2019Floor7.csv
z5_AC1(kW),7,5,F7-Z5,AC1,kW,ac,2019Floor7.csv
z5_Light(kW),7,5,F7-Z5,Light,kW,light,2019Floor7.csv
z5_Plug(kW),7,5,F7-Z5,Plug,kW,plug,2019Floor7.csv
z5_S1(degC),7,5,F7-Z5,S1,degC,temperature,2019Floor7.csv
z5_S1(RH%),7,5,F7-Z5,S1,RH%,humidity,2019Floor7.csv
z5_S1(lux),7,5,F7-Z5,S1,lux,lux,2019Floor7.csv
