zone_id,floor,expected_intervals,valid_intervals,baseline_coverage_fraction,training_intervals,trigger_kw,baseline_peak_kw,scenario_peak_kw,conditional_peak_reduction_kw,conditional_peak_reduction_pct,baseline_peak_timestamp,scenario_peak_timestamp,lighting_kw_at_baseline_peak,saved_kw_at_baseline_peak,unrestricted_lighting_only_peak_ceiling_kw,peak_event_intervals,active_intervals,complete_lux_operating_intervals,measured_below_target_fraction,conditional_saved_kwh,proxy_below_guard_active_intervals,has_lux_sensor,status
F1-Z1,1,2880,2880,1.0,720,4.942699909210198,45.859333,45.859333,0.0,0.0,2019-04-23 19:30:00,2019-04-23 19:30:00,44.628,0.0,34.122665,25,0,0,,0.0,0,False,No lux sensor: comfort cannot be assessed
F1-Z2,1,2880,2877,0.9989583333333333,720,72.81096954345703,146.4,146.4,0.0,0.0,2019-04-29 14:45:00,2019-04-29 14:45:00,36.98133,0.0,32.55999,213,0,0,,0.0,0,False,No lux sensor: comfort cannot be assessed
F1-Z3,1,2880,2880,1.0,720,33.36880092620849,53.90867,53.90867,0.0,0.0,2019-04-01 19:45:00,2019-04-01 19:45:00,53.503334,0.0,47.513336,26,0,0,,0.0,0,False,No lux sensor: comfort cannot be assessed
F1-Z4,1,2880,2880,1.0,720,0.1940666571258352,53.206,53.206,0.0,0.0,2019-04-28 20:00:00,2019-04-28 20:00:00,53.206,0.0,53.206,38,0,0,,0.0,0,False,No lux sensor: comfort cannot be assessed
F2-Z1,2,2880,2876,0.9986111111111111,720,51.72560005187988,55.469997,55.469997,0.0,0.0,2019-04-17 15:45:00,2019-04-17 15:45:00,8.414667,0.0,8.360668,198,0,873,1.0,0.0,0,True,No eligible dimming intervals
F2-Z2,2,2880,2875,0.9982638888888888,720,39.71040019989013,46.938,46.938,0.0,0.0,2019-04-22 09:45:00,2019-04-22 09:45:00,2.65,0.0,2.6500015,179,0,868,1.0,0.0,0,True,No eligible dimming intervals
F2-Z3,2,2880,2880,1.0,720,1.6414333462715147,2.0973334,2.0973334,0.0,0.0,2019-04-29 11:15:00,2019-04-29 11:15:00,1.0973333,0.0,1.0973333,46,0,864,1.0,0.0,0,True,No eligible dimming intervals
F2-Z4,2,2880,2875,0.9982638888888888,720,12.53273286819458,13.095333,13.095333,0.0,0.0,2019-04-22 13:30:00,2019-04-22 13:30:00,1.85,0.0,1.750001,466,0,861,1.0,0.0,0,True,No eligible dimming intervals
F3-Z1,3,2880,2616,0.9083333333333333,527,35.5332649230957,37.456,37.456,0.0,0.0,2019-04-19 13:30:00,2019-04-19 13:30:00,5.4406667,0.0,4.6133347,276,0,749,1.0,0.0,0,True,No eligible dimming intervals
F3-Z2,3,2880,2616,0.9083333333333333,527,31.148332405090333,35.478664,35.478664,0.0,0.0,2019-04-19 13:15:00,2019-04-19 13:15:00,6.449333,0.0,6.114668,252,0,648,1.0,0.0,0,True,No eligible dimming intervals
F3-Z3,3,2880,2880,1.0,720,1.908000111579895,2.1953332,2.1953332,0.0,0.0,2019-04-17 12:45:00,2019-04-17 12:45:00,1.6126666,0.0,1.5626664,50,0,0,,0.0,0,False,No lux sensor: comfort cannot be assessed
F3-Z4,3,2880,2609,0.9059027777777777,524,28.41673383712768,39.731335,39.731335,0.0,0.0,2019-04-25 13:15:00,2019-04-25 13:15:00,2.8813334,0.0,2.8813324,191,0,728,1.0,0.0,0,True,No eligible dimming intervals
F3-Z5,3,2880,2609,0.9059027777777777,525,13.93853302001953,22.551334,22.551334,0.0,0.0,2019-04-22 13:15:00,2019-04-22 13:15:00,2.4426665,0.0,2.413334,190,0,732,1.0,0.0,0,True,No eligible dimming intervals
F4-Z1,4,2880,58,0.02013888888888889,0,,44.08,44.08,0.0,0.0,2019-04-26 14:30:00,2019-04-26 14:30:00,4.96,0.0,4.959999,0,0,13,1.0,0.0,0,True,Insufficient prior calibration
F4-Z2,4,2880,736,0.25555555555555554,720,27.820700645446777,29.971334,29.971334,0.0,0.0,2019-04-29 13:15:00,2019-04-29 13:15:00,2.0606666,0.0,2.060667,10,0,212,1.0,0.0,0,True,No eligible dimming intervals
F4-Z3,4,2880,2875,0.9982638888888888,720,0.5700666606426238,1.4166666,1.4166666,0.0,0.0,2019-04-26 17:30:00,2019-04-26 17:30:00,0.93666667,0.0,0.88733333,36,0,0,,0.0,0,False,No lux sensor: comfort cannot be assessed
F4-Z4,4,2880,2870,0.9965277777777778,720,31.926267242431642,35.17667,35.17667,0.0,0.0,2019-04-26 13:15:00,2019-04-26 13:15:00,3.366,0.0,3.3659992,245,0,839,1.0,0.0,0,True,No eligible dimming intervals
F4-Z5,4,2880,2872,0.9972222222222222,720,13.207200336456298,22.792,22.792,0.0,0.0,2019-04-17 13:15:00,2019-04-17 13:15:00,1.7486666,0.0,1.6879997,75,0,851,1.0,0.0,0,True,No eligible dimming intervals
F5-Z1,5,2880,2867,0.9954861111111111,705,41.13927459716797,43.650715,43.650715,0.0,0.0,2019-04-17 08:15:00,2019-04-17 08:15:00,4.237857,0.0,4.237858,113,0,855,1.0,0.0,0,True,No eligible dimming intervals
F5-Z2,5,2880,2871,0.996875,705,28.822400283813472,34.109997,34.109997,0.0,0.0,2019-04-22 16:00:00,2019-04-22 16:00:00,4.2171426,0.0,4.110712,240,0,782,1.0,0.0,0,True,No eligible dimming intervals
F5-Z3,5,2880,2880,1.0,720,1.3702666759490965,1.7433333,1.7433333,0.0,0.0,2019-04-26 08:00:00,2019-04-26 08:00:00,1.4633334,0.0,1.4473333,34,0,0,,0.0,0,False,No lux sensor: comfort cannot be assessed
F5-Z4,5,2880,2840,0.9861111111111112,699,29.280067062377935,41.642666,41.642666,0.0,0.0,2019-04-22 13:15:00,2019-04-22 13:15:00,3.452,0.0,3.4519997,167,0,347,1.0,0.0,0,True,No eligible dimming intervals
F5-Z5,5,2880,2837,0.9850694444444444,690,13.634067010879516,22.417334,22.417334,0.0,0.0,2019-04-30 08:00:00,2019-04-30 08:00:00,2.7453334,0.0,2.7453327,253,0,794,1.0,0.0,0,True,No eligible dimming intervals
F6-Z1,6,2880,2876,0.9986111111111111,720,24.961132431030272,25.846,25.846,0.0,0.0,2019-04-17 16:00:00,2019-04-17 16:00:00,3.49,0.0,3.4899998,154,0,843,1.0,0.0,0,True,No eligible dimming intervals
F6-Z2,6,2880,2876,0.9986111111111111,720,31.412365531921388,33.492664,33.492664,0.0,0.0,2019-04-17 13:45:00,2019-04-17 13:45:00,6.5533338,0.0,6.0393295,151,0,836,1.0,0.0,0,True,No eligible dimming intervals
F6-Z3,6,2880,2880,1.0,720,2.4414999604225156,2.8226664,2.8226664,0.0,0.0,2019-04-03 08:15:00,2019-04-03 08:15:00,2.5453334,0.0,2.5259995,20,0,0,,0.0,0,False,No lux sensor: comfort cannot be assessed
F6-Z4,6,2880,2876,0.9986111111111111,720,32.27903308868408,43.388,43.388,0.0,0.0,2019-04-17 13:30:00,2019-04-17 13:30:00,4.2346663,0.0,4.234665,120,0,866,1.0,0.0,0,True,No eligible dimming intervals
F6-Z5,6,2880,2871,0.996875,720,18.268239974975586,22.494,22.494,0.0,0.0,2019-04-17 13:15:00,2019-04-17 13:15:00,2.5279999,0.0,2.166666,108,0,850,1.0,0.0,0,True,No eligible dimming intervals
F7-Z1,7,2880,2779,0.9649305555555555,720,40.30546913146973,42.728,42.728,0.0,0.0,2019-04-25 13:15:00,2019-04-25 13:15:00,3.0153334,0.0,2.932663,157,0,808,1.0,0.0,0,True,No eligible dimming intervals
F7-Z2,7,2880,2875,0.9982638888888888,720,32.42660160064697,34.168003,34.168003,0.0,0.0,2019-04-22 13:15:00,2019-04-22 13:15:00,2.8366666,0.0,2.836666,270,0,865,1.0,0.0,0,True,No eligible dimming intervals
F7-Z3,7,2880,2816,0.9777777777777777,720,0.270699992775917,0.594,0.594,0.0,0.0,2019-04-30 20:15:00,2019-04-30 20:15:00,0.29,0.0,0.27466664,56,0,0,,0.0,0,False,No lux sensor: comfort cannot be assessed
F7-Z4,7,2880,2776,0.9638888888888889,717,36.60000076293945,39.329334,39.329334,0.0,0.0,2019-04-30 13:15:00,2019-04-30 13:15:00,4.414,0.0,4.0880013,96,0,821,1.0,0.0,0,True,No eligible dimming intervals
F7-Z5,7,2880,2779,0.9649305555555555,720,21.990300846099853,25.302,25.302,0.0,0.0,2019-04-17 13:30:00,2019-04-17 13:30:00,5.446,0.0,5.4173317,223,0,804,1.0,0.0,0,True,No eligible dimming intervals
