zone_id,year,floor,expected_intervals,valid_power_intervals,power_coverage_fraction,observed_peak_kw,p95_kw,peak_timestamp,lighting_kw_at_peak,lighting_share_at_peak,observed_kwh,operating_intervals,full_lux_operating_intervals,operating_lux_coverage_fraction,measured_below_lux_fraction,measured_median_min_lux
F1-Z1,2018,1,17664,17469,0.9889605978260869,71.63,32.40773391723633,2018-08-30 21:30:00,50.143997,0.7000419,46486.715,5240,0,0.0,,
F1-Z1,2019,1,35040,34706,0.9904680365296804,56.896667,21.749000549316406,2019-06-21 18:45:00,43.752666,0.7689847,69219.27,10440,0,0.0,,
F1-Z2,2018,1,17664,15399,0.8717730978260869,132.95601,97.28559799194336,2018-08-12 12:30:00,18.164,0.13661662,252616.64,5240,0,0.0,,
F1-Z2,2019,1,35040,34765,0.9921518264840182,146.4,105.9134628295898,2019-04-29 14:45:00,36.98133,0.25260472,488444.38,10440,0,0.0,,
F1-Z3,2018,1,17664,17470,0.9890172101449275,332.38666,53.5412685394287,2018-09-11 09:45:00,330.6107,0.9946569,108924.88,5240,0,0.0,,
F1-Z3,2019,1,35040,34879,0.9954052511415525,76.36934,45.580870056152314,2019-12-17 19:00:00,75.90666,0.9939416,193855.25,10440,0,0.0,,
F1-Z4,2018,1,17664,17576,0.9950181159420289,65.689995,52.55133628845215,2018-08-30 19:30:00,65.689995,1.0,75430.28,5240,0,0.0,,
F1-Z4,2019,1,35040,34994,0.9986872146118722,57.93,46.651933479309065,2019-03-24 18:30:00,57.93,1.0,140772.58,10440,0,0.0,,
F2-Z1,2018,2,17664,17618,0.9973958333333334,53.040665,43.70810031890869,2018-07-23 10:15:00,8.898666,0.16777064,55060.516,5240,1677,0.3200381679389313,1.0,78.0
F2-Z1,2019,2,35040,33037,0.9428367579908675,55.469997,46.9585334777832,2019-04-17 15:45:00,8.414667,0.15169764,101707.85,10440,8111,0.7769157088122606,1.0,71.0
F2-Z2,2018,2,17664,17576,0.9950181159420289,43.106667,27.880500316619873,2018-07-05 13:00:00,2.3133333,0.053665325,49956.67,5240,1706,0.32557251908396945,1.0,105.0
F2-Z2,2019,2,35040,32958,0.9405821917808219,46.938,35.96383323669433,2019-04-22 09:45:00,2.65,0.056457456,104424.14,10440,8409,0.8054597701149425,1.0,44.0
F2-Z3,2018,2,17664,17631,0.9981317934782609,3.9999998,1.7456666827201843,2018-07-16 06:45:00,1.39,0.34750003,3947.3652,5240,1696,0.3236641221374046,1.0,5.0
F2-Z3,2019,2,35040,34991,0.998601598173516,3.1,1.5326666831970215,2019-05-30 11:15:00,1.4093333,0.45462367,7274.4707,10440,8289,0.7939655172413793,1.0,4.0
F2-Z4,2018,2,17664,17551,0.9936028079710145,13.5460005,12.380332946777344,2018-09-04 11:30:00,2.1513333,0.15881686,15011.619,5240,0,0.0,,
F2-Z4,2019,2,35040,32956,0.9405251141552512,13.095333,12.256666421890259,2019-04-22 13:30:00,1.85,0.14127171,22789.963,10440,8263,0.7914750957854406,1.0,41.0
F3-Z1,2018,3,17664,12810,0.725203804347826,36.83867,31.368066596984864,2018-07-06 08:00:00,4.5793333,0.12430778,22664.936,5240,1572,0.3,1.0,36.0
F3-Z1,2019,3,35040,31788,0.9071917808219178,45.141335,33.02279930114745,2019-05-21 13:30:00,4.8753333,0.10800153,54099.28,10440,7811,0.7481800766283525,1.0,32.0
F3-Z2,2018,3,17664,13670,0.7738903985507246,34.281334,27.457099151611267,2018-09-25 10:30:00,6.51,0.18989927,21205.496,5240,1663,0.31736641221374046,1.0,75.0
F3-Z2,2019,3,35040,32015,0.913670091324201,36.409336,29.381533432006837,2019-05-07 13:15:00,6.1926665,0.17008458,49334.926,10440,8158,0.7814176245210728,1.0,69.0
F3-Z3,2018,3,17664,13695,0.7753057065217391,2.2706668,1.7073333263397217,2018-08-14 07:45:00,1.7346667,0.76394594,2884.202,5240,0,0.0,,
F3-Z3,2019,3,35040,34984,0.9984018264840183,9.241333,1.7660000324249268,2019-02-08 14:30:00,6.8659997,0.74296635,8021.123,10440,0,0.0,,
F3-Z4,2018,3,17664,13275,0.7515285326086957,37.956665,21.874400520324706,2018-07-02 13:00:00,2.8486667,0.0750505,16110.911,5240,1671,0.3188931297709924,1.0,33.0
F3-Z4,2019,3,35040,31095,0.8874143835616438,39.731335,22.911999320983888,2019-04-25 13:15:00,2.8813334,0.07252043,42165.57,10440,8316,0.7965517241379311,1.0,29.0
F3-Z5,2018,3,17664,13276,0.7515851449275363,22.118,13.473333358764648,2018-08-01 13:00:00,2.2313335,0.10088315,9909.381,5240,1088,0.20763358778625954,1.0,34.0
F3-Z5,2019,3,35040,31204,0.8905251141552512,22.692,13.36256694793701,2019-05-07 13:15:00,2.3333333,0.10282625,21919.64,10440,7194,0.6890804597701149,1.0,36.0
F4-Z1,2018,4,17664,12905,0.7305819746376812,44.329334,28.055067062377923,2018-10-16 13:15:00,5.1679997,0.11658194,25411.672,5240,1610,0.30725190839694655,1.0,38.0
F4-Z1,2019,4,35040,25288,0.721689497716895,44.942,34.2532676696777,2019-06-04 14:00:00,4.536667,0.10094492,47863.008,10440,8323,0.7972222222222223,1.0,61.0
F4-Z2,2018,4,17664,13870,0.7852128623188406,31.170666,19.665334701538086,2018-12-04 13:15:00,2.8746667,0.09222346,15302.948,5240,1680,0.32061068702290074,1.0,37.0
F4-Z2,2019,4,35040,32418,0.9251712328767123,30.982,21.552867317199706,2019-05-08 13:30:00,2.3393333,0.0755062,36184.15,10440,8167,0.78227969348659,1.0,47.0
F4-Z3,2018,4,17664,15419,0.8729053442028986,1.9226667,1.3100666165351857,2018-08-18 09:15:00,1.556,0.8092927,2874.7437,5240,0,0.0,,
F4-Z3,2019,4,35040,34903,0.9960901826484019,1.978,1.3519333362579355,2019-12-23 06:45:00,1.0506667,0.53117627,5995.3413,10440,0,0.0,,
F4-Z4,2018,4,17664,14356,0.8127264492753623,34.000664,25.329833507537842,2018-10-26 13:15:00,3.5946665,0.10572342,23420.836,5240,1573,0.3001908396946565,1.0,60.0
F4-Z4,2019,4,35040,33767,0.9636700913242009,42.873333,25.99106693267821,2019-05-03 13:15:00,3.3586664,0.078339286,56268.31,10440,6614,0.6335249042145594,1.0,56.0
F4-Z5,2018,4,17664,14356,0.8127264492753623,20.231333,11.713333129882812,2018-10-16 08:00:00,1.0013334,0.049494185,8598.505,5240,1664,0.31755725190839695,1.0,47.5
F4-Z5,2019,4,35040,33874,0.9667237442922374,22.8,12.4573335647583,2019-05-07 13:15:00,1.612,0.070701756,22208.268,10440,8330,0.7978927203065134,1.0,67.0
F5-Z1,2018,5,17664,16851,0.9539741847826086,45.04667,38.81733322143555,2018-07-23 10:30:00,9.450666,0.20979723,33018.91,5240,1718,0.3278625954198473,1.0,56.0
F5-Z1,2019,5,35040,32544,0.9287671232876712,43.612667,38.3440330505371,2019-04-02 13:30:00,5.6666665,0.12993167,60491.703,10440,7045,0.6748084291187739,1.0,44.0
F5-Z2,2018,5,17664,16433,0.9303102355072463,31.336,18.79933357238769,2018-12-06 13:15:00,3.4539998,0.11022465,18203.66,5240,1632,0.3114503816793893,1.0,42.0
F5-Z2,2019,5,35040,31416,0.8965753424657534,33.278667,27.391167163848877,2019-04-22 14:15:00,4.096,0.123081855,40990.395,10440,5795,0.5550766283524904,1.0,32.0
F5-Z3,2018,5,17664,17084,0.9671648550724637,1.732,1.1606667041778564,2018-07-09 08:00:00,1.4633334,0.8448807,2572.156,5240,0,0.0,,
F5-Z3,2019,5,35040,34385,0.9813070776255708,1.8306668,1.1886667013168335,2019-05-03 07:30:00,1.5506667,0.8470502,5518.165,10440,0,0.0,,
F5-Z4,2018,5,17664,16144,0.9139492753623188,41.055336,24.752732181549067,2018-07-02 14:00:00,3.4986665,0.08521832,23654.451,5240,1782,0.34007633587786257,1.0,55.0
F5-Z4,2019,5,35040,32128,0.9168949771689497,42.241333,25.2130989074707,2019-05-02 13:15:00,3.44,0.08143683,49067.477,10440,7625,0.7303639846743295,1.0,44.0
F5-Z5,2018,5,17664,16139,0.913666213768116,22.567999,11.97906637191772,2018-09-27 13:15:00,2.7126665,0.120199695,11807.3125,5240,1772,0.3381679389312977,1.0,34.0
F5-Z5,2019,5,35040,32059,0.914925799086758,24.125334,13.242067146301268,2019-05-08 13:15:00,2.8166666,0.1167514,24324.877,10440,8153,0.7809386973180077,1.0,43.0
F6-Z1,2018,6,17664,17562,0.9942255434782609,32.985332,24.33733367919922,2018-07-23 13:00:00,3.3613334,0.10190388,25283.678,5240,1620,0.30916030534351147,1.0,50.0
F6-Z1,2019,6,35040,28134,0.8029109589041096,40.998665,25.21649894714355,2019-10-01 13:15:00,3.6386669,0.08875086,43056.613,10440,6135,0.5876436781609196,1.0,47.0
F6-Z2,2018,6,17664,17573,0.9948482789855072,34.210667,28.95546684265134,2018-07-02 13:15:00,7.5186667,0.21977551,29170.275,5240,1640,0.31297709923664124,1.0,54.0
F6-Z2,2019,6,35040,28193,0.8045947488584475,34.61067,29.884000778198242,2019-10-21 11:15:00,6.2793336,0.18142769,46938.184,10440,5693,0.5453065134099617,1.0,59.0
F6-Z3,2018,6,17664,17623,0.9976788949275363,2.9039998,2.363933205604552,2018-12-19 08:45:00,2.5953333,0.8937099,5290.3716,5240,0,0.0,,
F6-Z3,2019,6,35040,28232,0.8057077625570777,2.9086664,2.2713332176208496,2019-02-07 09:45:00,2.6186666,0.90029806,8199.213,10440,0,0.0,,
F6-Z4,2018,6,17664,15822,0.8957201086956522,40.62533,25.629034328460673,2018-08-01 13:30:00,5.1326666,0.12634154,22486.537,5240,1773,0.3383587786259542,1.0,30.0
F6-Z4,2019,6,35040,28105,0.8020833333333334,43.388,26.72000045776367,2019-04-17 13:30:00,4.2346663,0.097599946,40339.07,10440,6376,0.610727969348659,1.0,40.0
F6-Z5,2018,6,17664,16457,0.9316689311594203,23.476665,10.719067001342772,2018-10-18 13:00:00,2.524,0.10751101,10283.014,5240,1719,0.3280534351145038,1.0,53.0
F6-Z5,2019,6,35040,27788,0.7930365296803653,23.041998,12.035133314132665,2019-05-02 13:15:00,2.5666666,0.1113908,17122.043,10440,6327,0.6060344827586207,1.0,47.0
F7-Z1,2018,7,17664,17607,0.9967730978260869,41.386665,38.21580047607422,2018-11-21 13:15:00,3.262667,0.078833774,42553.117,5240,1660,0.31679389312977096,1.0,27.0
F7-Z1,2019,7,35040,32638,0.9314497716894977,42.888668,39.20267105102539,2019-05-02 16:00:00,3.1266665,0.07290193,78416.234,10440,8258,0.7909961685823754,1.0,3.0
F7-Z2,2018,7,17664,17610,0.9969429347826086,32.996,30.115399265289305,2018-09-27 13:15:00,2.8266666,0.085666955,31947.568,5240,1769,0.33759541984732827,1.0,39.0
F7-Z2,2019,7,35040,32870,0.9380707762557078,34.392666,31.39303493499756,2019-05-07 13:15:00,2.9566667,0.08596794,63698.367,10440,8296,0.7946360153256705,1.0,36.0
F7-Z3,2018,7,17664,17632,0.9981884057971014,0.96933335,0.550000011920929,2018-12-03 16:00:00,0.68,0.70151305,1556.9238,5240,0,0.0,,
F7-Z3,2019,7,35040,33980,0.9697488584474886,1.0053333,0.5399999618530273,2019-01-16 16:30:00,0.71133333,0.7075597,2389.9814,10440,0,0.0,,
F7-Z4,2018,7,17664,17610,0.9969429347826086,36.712666,30.065332412719727,2018-08-16 13:00:00,4.383333,0.119395666,31346.525,5240,1784,0.34045801526717556,1.0,47.0
F7-Z4,2019,7,35040,32500,0.9275114155251142,39.909336,35.242133903503415,2019-05-02 13:15:00,4.562667,0.11432581,67470.055,10440,8186,0.7840996168582376,1.0,53.0
F7-Z5,2018,7,17664,17611,0.9969995471014492,24.584002,18.00300121307373,2018-10-18 13:15:00,4.112,0.16726325,19035.008,5240,1622,0.3095419847328244,1.0,65.0
F7-Z5,2019,7,35040,32765,0.935074200913242,25.896,19.3716007232666,2019-05-01 13:30:00,5.4806666,0.21164143,35600.35,10440,7955,0.7619731800766284,1.0,60.0
