file,floor,filename_year,raw_rows,invalid_dates,duplicate_rows_quarantined,off_minute_rows,outside_period_rows,actual_start,actual_end,timestamps_monotonic_before_cleaning,expected_minutes,usable_rows,missing_timestamp_minutes
2018Floor1.csv,1,2018,264960,0,0,0,0,2018-07-01,2018-12-31 23:59:00,True,264960,264960,0
2018Floor2.csv,2,2018,264960,0,0,0,0,2018-07-01,2018-12-31 23:59:00,True,264960,264960,0
2018Floor3.csv,3,2018,264960,0,0,0,0,2018-07-01,2018-12-31 23:59:00,True,264960,264960,0
2018Floor4.csv,4,2018,264960,0,0,0,0,2018-07-01,2018-12-31 23:59:00,True,264960,264960,0
2018Floor5.csv,5,2018,264960,0,0,0,0,2018-07-01,2018-12-31 23:59:00,True,264960,264960,0
2018Floor6.csv,6,2018,264960,0,0,0,0,2018-07-01,2018-12-31 23:59:00,True,264960,264960,0
2018Floor7.csv,7,2018,264960,0,0,0,0,2018-07-01,2018-12-31 23:59:00,True,264960,264960,0
2019Floor1.csv,1,2019,525600,0,0,0,0,2019-01-01,2019-12-31 23:59:00,True,525600,525600,0
2019Floor2.csv,2,2019,525600,0,0,0,0,2019-01-01,2019-12-31 23:59:00,True,525600,525600,0
2019Floor3.csv,3,2019,525600,0,0,0,0,2019-01-01,2019-12-31 23:59:00,True,525600,525600,0
2019Floor4.csv,4,2019,525600,0,0,0,0,2019-01-01,2019-12-31 23:59:00,True,525600,525600,0
2019Floor5.csv,5,2019,525600,0,0,0,0,2019-01-01,2019-12-31 23:59:00,True,525600,525600,0
2019Floor6.csv,6,2019,424169,1,0,0,0,2019-01-01,2019-10-22 13:27:00,True,525600,424168,101432
2019Floor7.csv,7,2019,525600,0,0,0,0,2019-01-01,2019-12-31 23:59:00,True,525600,525600,0
