zone_id,month,power_coverage,full_lux_coverage
F1-Z1,2018-07,0.9996639784946236,0.0
F1-Z1,2018-08,0.9633736559139785,0.0
F1-Z1,2018-09,0.971875,0.0
F1-Z1,2018-10,0.998991935483871,0.0
F1-Z1,2018-11,1.0,0.0
F1-Z1,2018-12,0.9996639784946236,0.0
F1-Z1,2019-01,0.9949596774193549,0.0
F1-Z1,2019-02,1.0,0.0
F1-Z1,2019-03,0.9993279569892473,0.0
F1-Z1,2019-04,0.9993055555555556,0.0
F1-Z1,2019-05,0.9932795698924731,0.0
F1-Z1,2019-06,0.9680555555555556,0.0
F1-Z1,2019-07,0.9875672043010753,0.0
F1-Z1,2019-08,0.9932795698924731,0.0
F1-Z1,2019-09,0.9927083333333333,0.0
F1-Z1,2019-10,0.9848790322580645,0.0
F1-Z1,2019-11,0.98125,0.0
F1-Z1,2019-12,0.991263440860215,0.0
F1-Z2,2018-07,0.9670698924731183,0.0
F1-Z2,2018-08,0.644489247311828,0.0
F1-Z2,2018-09,0.6284722222222222,0.0
F1-Z2,2018-10,0.9936155913978495,0.0
F1-Z2,2018-11,0.9965277777777778,0.0
F1-Z2,2018-12,0.9966397849462365,0.0
F1-Z2,2019-01,0.9909274193548387,0.0
F1-Z2,2019-02,0.9977678571428571,0.0
F1-Z2,2019-03,0.9959677419354839,0.0
F1-Z2,2019-04,0.9944444444444445,0.0
F1-Z2,2019-05,0.9946236559139785,0.0
F1-Z2,2019-06,0.9847222222222223,0.0
F1-Z2,2019-07,0.989247311827957,0.0
F1-Z2,2019-08,0.9952956989247311,0.0
F1-Z2,2019-09,0.9899305555555555,0.0
F1-Z2,2019-10,0.9932795698924731,0.0
F1-Z2,2019-11,0.9871527777777778,0.0
F1-Z2,2019-12,0.9926075268817204,0.0
F1-Z3,2018-07,0.9996639784946236,0.0
F1-Z3,2018-08,0.9640456989247311,0.0
F1-Z3,2018-09,0.9715277777777778,0.0
F1-Z3,2018-10,0.998991935483871,0.0
F1-Z3,2018-11,1.0,0.0
F1-Z3,2018-12,0.9996639784946236,0.0
F1-Z3,2019-01,0.9952956989247311,0.0
F1-Z3,2019-02,0.9996279761904762,0.0
F1-Z3,2019-03,1.0,0.0
F1-Z3,2019-04,1.0,0.0
F1-Z3,2019-05,0.9973118279569892,0.0
F1-Z3,2019-06,0.9875,0.0
F1-Z3,2019-07,0.989247311827957,0.0
F1-Z3,2019-08,0.9973118279569892,0.0
F1-Z3,2019-09,0.9944444444444445,0.0
F1-Z3,2019-10,0.9942876344086021,0.0
F1-Z3,2019-11,0.9930555555555556,0.0
F1-Z3,2019-12,0.9969758064516129,0.0
F1-Z4,2018-07,1.0,0.0
F1-Z4,2018-08,0.9838709677419355,0.0
F1-Z4,2018-09,0.9875,0.0
F1-Z4,2018-10,0.998991935483871,0.0
F1-Z4,2018-11,1.0,0.0
F1-Z4,2018-12,0.9996639784946236,0.0
F1-Z4,2019-01,0.9959677419354839,0.0
F1-Z4,2019-02,1.0,0.0
F1-Z4,2019-03,1.0,0.0
F1-Z4,2019-04,1.0,0.0
F1-Z4,2019-05,1.0,0.0
F1-Z4,2019-06,1.0,0.0
F1-Z4,2019-07,0.9922715053763441,0.0
F1-Z4,2019-08,1.0,0.0
F1-Z4,2019-09,0.996875,0.0
F1-Z4,2019-10,1.0,0.0
F1-Z4,2019-11,0.9996527777777777,0.0
F1-Z4,2019-12,0.9996639784946236,0.0
F2-Z1,2018-07,0.9996639784946236,0.8161962365591398
F2-Z1,2018-08,0.9926075268817204,0.8034274193548387
F2-Z1,2018-09,0.996875,0.3173611111111111
F2-Z1,2018-10,0.9963037634408602,0.0
F2-Z1,2018-11,1.0,0.0
F2-Z1,2018-12,0.998991935483871,0.0
F2-Z1,2019-01,0.7180779569892473,0.0
F2-Z1,2019-02,0.5844494047619048,0.0
F2-Z1,2019-03,1.0,0.7973790322580645
F2-Z1,2019-04,0.9986111111111111,0.9847222222222223
F2-Z1,2019-05,1.0,0.9724462365591398
F2-Z1,2019-06,1.0,0.978125
F2-Z1,2019-07,0.9915994623655914,0.6522177419354839
F2-Z1,2019-08,1.0,0.9842069892473119
F2-Z1,2019-09,0.9961805555555555,0.9729166666666667
F2-Z1,2019-10,1.0,0.9647177419354839
F2-Z1,2019-11,0.9979166666666667,0.9753472222222223
F2-Z1,2019-12,0.9996639784946236,0.9768145161290323
F2-Z2,2018-07,0.9956317204301075,0.824260752688172
F2-Z2,2018-08,0.990255376344086,0.811491935483871
F2-Z2,2018-09,0.9947916666666666,0.309375
F2-Z2,2018-10,0.9963037634408602,0.0
F2-Z2,2018-11,0.9972222222222222,0.0
F2-Z2,2018-12,0.9959677419354839,0.0
F2-Z2,2019-01,0.7133736559139785,0.0
F2-Z2,2019-02,0.5811011904761905,0.0
F2-Z2,2019-03,0.9949596774193549,0.8040994623655914
F2-Z2,2019-04,0.9947916666666666,0.9694444444444444
F2-Z2,2019-05,0.9976478494623656,0.9650537634408602
F2-Z2,2019-06,0.996875,0.9586805555555555
F2-Z2,2019-07,0.9895833333333334,0.9603494623655914
F2-Z2,2019-08,1.0,0.9758064516129032
F2-Z2,2019-09,0.9951388888888889,0.9496527777777778
F2-Z2,2019-10,1.0,0.9650537634408602
F2-Z2,2019-11,0.9979166666666667,0.9760416666666667
F2-Z2,2019-12,0.9979838709677419,0.9737903225806451
F2-Z3,2018-07,1.0,0.8266129032258065
F2-Z3,2018-08,0.9926075268817204,0.8104838709677419
F2-Z3,2018-09,0.9975694444444444,0.3111111111111111
F2-Z3,2018-10,0.998991935483871,0.0
F2-Z3,2018-11,1.0,0.0
F2-Z3,2018-12,0.9996639784946236,0.0
F2-Z3,2019-01,0.9956317204301075,0.0
F2-Z3,2019-02,1.0,0.0
F2-Z3,2019-03,1.0,0.8175403225806451
F2-Z3,2019-04,1.0,0.9729166666666667
F2-Z3,2019-05,1.0,0.9586693548387096
F2-Z3,2019-06,1.0,0.9565972222222222
F2-Z3,2019-07,0.991263440860215,0.9509408602150538
F2-Z3,2019-08,1.0,0.9670698924731183
F2-Z3,2019-09,0.9965277777777778,0.9475694444444445
F2-Z3,2019-10,1.0,0.9583333333333334
F2-Z3,2019-11,1.0,0.9333333333333333
F2-Z3,2019-12,1.0,0.9704301075268817
F2-Z4,2018-07,0.9996639784946236,0.0
F2-Z4,2018-08,0.9922715053763441,0.0
F2-Z4,2018-09,0.996875,0.0
F2-Z4,2018-10,0.9946236559139785,0.0
F2-Z4,2018-11,0.9871527777777778,0.0
F2-Z4,2018-12,0.9909274193548387,0.0
F2-Z4,2019-01,0.7133736559139785,0.0
F2-Z4,2019-02,0.5799851190476191,0.0
F2-Z4,2019-03,0.9949596774193549,0.602486559139785
F2-Z4,2019-04,0.9947916666666666,0.9739583333333334
F2-Z4,2019-05,0.9979838709677419,0.9801747311827957
F2-Z4,2019-06,0.996875,0.9756944444444444
F2-Z4,2019-07,0.9895833333333334,0.9717741935483871
F2-Z4,2019-08,0.9996639784946236,0.979502688172043
F2-Z4,2019-09,0.9947916666666666,0.9625
F2-Z4,2019-10,1.0,0.9808467741935484
F2-Z4,2019-11,0.9979166666666667,0.9746527777777778
F2-Z4,2019-12,0.9986559139784946,0.9684139784946236
F3-Z1,2018-07,1.0,0.789986559139785
F3-Z1,2018-08,0.9922715053763441,0.7977150537634409
F3-Z1,2018-09,0.996875,0.30972222222222223
F3-Z1,2018-10,0.3336693548387097,0.0
F3-Z1,2018-11,0.14479166666666668,0.0
F3-Z1,2018-12,0.8736559139784946,0.0
F3-Z1,2019-01,0.710013440860215,0.0
F3-Z1,2019-02,0.5825892857142857,0.0
F3-Z1,2019-03,0.7849462365591398,0.8044354838709677
F3-Z1,2019-04,0.9013888888888889,0.9725694444444445
F3-Z1,2019-05,0.9932795698924731,0.9791666666666666
F3-Z1,2019-06,0.9951388888888889,0.9805555555555555
F3-Z1,2019-07,0.9838709677419355,0.9700940860215054
F3-Z1,2019-08,0.9915994623655914,0.9660618279569892
F3-Z1,2019-09,0.9881944444444445,0.9597222222222223
F3-Z1,2019-10,0.9932795698924731,0.960013440860215
F3-Z1,2019-11,0.9899305555555555,0.8763888888888889
F3-Z1,2019-12,0.9485887096774194,0.3948252688172043
F3-Z2,2018-07,1.0,0.8158602150537635
F3-Z2,2018-08,0.9926075268817204,0.7997311827956989
F3-Z2,2018-09,0.996875,0.3190972222222222
F3-Z2,2018-10,0.3333333333333333,0.0
F3-Z2,2018-11,0.31631944444444443,0.0
F3-Z2,2018-12,0.9966397849462365,0.0
F3-Z2,2019-01,0.7012768817204301,0.0
F3-Z2,2019-02,0.5814732142857143,0.0
F3-Z2,2019-03,0.7849462365591398,0.7463037634408602
F3-Z2,2019-04,0.9038194444444444,0.7305555555555555
F3-Z2,2019-05,0.9979838709677419,0.9694220430107527
F3-Z2,2019-06,0.9961805555555555,0.9763888888888889
F3-Z2,2019-07,0.989247311827957,0.9684139784946236
F3-Z2,2019-08,0.9979838709677419,0.9744623655913979
F3-Z2,2019-09,0.9951388888888889,0.9635416666666666
F3-Z2,2019-10,0.9969758064516129,0.9694220430107527
F3-Z2,2019-11,0.996875,0.9694444444444444
F3-Z2,2019-12,0.9976478494623656,0.9704301075268817
F3-Z3,2018-07,1.0,0.0
F3-Z3,2018-08,0.9926075268817204,0.0
F3-Z3,2018-09,0.9975694444444444,0.0
F3-Z3,2018-10,0.34139784946236557,0.0
F3-Z3,2018-11,0.315625,0.0
F3-Z3,2018-12,0.9969758064516129,0.0
F3-Z3,2019-01,0.9946236559139785,0.0
F3-Z3,2019-02,0.9966517857142857,0.0
F3-Z3,2019-03,1.0,0.0
F3-Z3,2019-04,1.0,0.0
F3-Z3,2019-05,1.0,0.0
F3-Z3,2019-06,1.0,0.0
F3-Z3,2019-07,0.9926075268817204,0.0
F3-Z3,2019-08,1.0,0.0
F3-Z3,2019-09,0.996875,0.0
F3-Z3,2019-10,1.0,0.0
F3-Z3,2019-11,1.0,0.0
F3-Z3,2019-12,1.0,0.0
F3-Z4,2018-07,1.0,0.8158602150537635
F3-Z4,2018-08,0.9926075268817204,0.7799059139784946
F3-Z4,2018-09,0.996875,0.3090277777777778
F3-Z4,2018-10,0.3333333333333333,0.0
F3-Z4,2018-11,0.30486111111111114,0.0
F3-Z4,2018-12,0.875,0.0
F3-Z4,2019-01,0.6975806451612904,0.0
F3-Z4,2019-02,0.5684523809523809,0.0
F3-Z4,2019-03,0.741263440860215,0.7973790322580645
F3-Z4,2019-04,0.8534722222222222,0.9684027777777777
F3-Z4,2019-05,0.9576612903225806,0.8612231182795699
F3-Z4,2019-06,0.9767361111111111,0.9777777777777777
F3-Z4,2019-07,0.967741935483871,0.9613575268817204
F3-Z4,2019-08,0.9751344086021505,0.9711021505376344
F3-Z4,2019-09,0.9854166666666667,0.965625
F3-Z4,2019-10,0.9973118279569892,0.9637096774193549
F3-Z4,2019-11,0.9947916666666666,0.9631944444444445
F3-Z4,2019-12,0.9109543010752689,0.979502688172043
F3-Z5,2018-07,1.0,0.7728494623655914
F3-Z5,2018-08,0.9926075268817204,0.5376344086021505
F3-Z5,2018-09,0.996875,0.0
F3-Z5,2018-10,0.3336693548387097,0.0
F3-Z5,2018-11,0.30486111111111114,0.0
F3-Z5,2018-12,0.875,0.0
F3-Z5,2019-01,0.699260752688172,0.0
F3-Z5,2019-02,0.5699404761904762,0.0
F3-Z5,2019-03,0.7442876344086021,0.7936827956989247
F3-Z5,2019-04,0.8586805555555556,0.9579861111111111
F3-Z5,2019-05,0.9627016129032258,0.3014112903225806
F3-Z5,2019-06,0.9774305555555556,0.9461805555555556
F3-Z5,2019-07,0.9731182795698925,0.9368279569892473
F3-Z5,2019-08,0.9791666666666666,0.9344758064516129
F3-Z5,2019-09,0.9864583333333333,0.5020833333333333
F3-Z5,2019-10,0.9979838709677419,0.9546370967741935
F3-Z5,2019-11,0.9954861111111111,0.9538194444444444
F3-Z5,2019-12,0.9190188172043011,0.9714381720430108
F4-Z1,2018-07,0.8655913978494624,0.801747311827957
F4-Z1,2018-08,0.866263440860215,0.7956989247311828
F4-Z1,2018-09,0.9083333333333333,0.30625
F4-Z1,2018-10,0.9028897849462365,0.0
F4-Z1,2018-11,0.1440972222222222,0.0
F4-Z1,2018-12,0.6831317204301075,0.0
F4-Z1,2019-01,0.9942876344086021,0.0
F4-Z1,2019-02,0.8009672619047619,0.0
F4-Z1,2019-03,0.0,0.7903225806451613
F4-Z1,2019-04,0.017708333333333333,0.9701388888888889
F4-Z1,2019-05,0.1273521505376344,0.9791666666666666
F4-Z1,2019-06,0.8829861111111111,0.9763888888888889
F4-Z1,2019-07,0.9489247311827957,0.9603494623655914
F4-Z1,2019-08,0.9996639784946236,0.9704301075268817
F4-Z1,2019-09,0.9947916666666666,0.9607638888888889
F4-Z1,2019-10,1.0,0.9606854838709677
F4-Z1,2019-11,0.9,0.9649305555555555
F4-Z1,2019-12,0.9983198924731183,0.9543010752688172
F4-Z2,2018-07,0.9559811827956989,0.8235887096774194
F4-Z2,2018-08,0.9559811827956989,0.7913306451612904
F4-Z2,2018-09,0.9704861111111112,0.3059027777777778
F4-Z2,2018-10,0.90625,0.0
F4-Z2,2018-11,0.14444444444444443,0.0
F4-Z2,2018-12,0.7634408602150538,0.0
F4-Z2,2019-01,0.9942876344086021,0.0
F4-Z2,2019-02,0.9947916666666666,0.0
F4-Z2,2019-03,0.9949596774193549,0.7946908602150538
F4-Z2,2019-04,0.25277777777777777,0.7868055555555555
F4-Z2,2019-05,0.9865591397849462,0.9684139784946236
F4-Z2,2019-06,0.9875,0.9708333333333333
F4-Z2,2019-07,0.9872311827956989,0.9583333333333334
F4-Z2,2019-08,0.9996639784946236,0.9761424731182796
F4-Z2,2019-09,0.9951388888888889,0.9552083333333333
F4-Z2,2019-10,1.0,0.9660618279569892
F4-Z2,2019-11,0.9013888888888889,0.971875
F4-Z2,2019-12,0.9963037634408602,0.9627016129032258
F4-Z3,2018-07,0.9996639784946236,0.0
F4-Z3,2018-08,0.9926075268817204,0.0
F4-Z3,2018-09,0.9972222222222222,0.0
F4-Z3,2018-10,0.9240591397849462,0.0
F4-Z3,2018-11,0.31180555555555556,0.0
F4-Z3,2018-12,0.9979838709677419,0.0
F4-Z3,2019-01,0.9949596774193549,0.0
F4-Z3,2019-02,1.0,0.0
F4-Z3,2019-03,1.0,0.0
F4-Z3,2019-04,0.9736111111111111,0.0
F4-Z3,2019-05,0.9956317204301075,0.0
F4-Z3,2019-06,1.0,0.0
F4-Z3,2019-07,0.9922715053763441,0.0
F4-Z3,2019-08,1.0,0.0
F4-Z3,2019-09,0.9965277777777778,0.0
F4-Z3,2019-10,1.0,0.0
F4-Z3,2019-11,1.0,0.0
F4-Z3,2019-12,1.0,0.0
F4-Z4,2018-07,0.9112903225806451,0.7190860215053764
F4-Z4,2018-08,0.9089381720430108,0.8034274193548387
F4-Z4,2018-09,0.9333333333333333,0.32916666666666666
F4-Z4,2018-10,0.9049059139784946,0.0
F4-Z4,2018-11,0.31006944444444445,0.0
F4-Z4,2018-12,0.895497311827957,0.0
F4-Z4,2019-01,0.9842069892473119,0.0
F4-Z4,2019-02,0.9988839285714286,0.0
F4-Z4,2019-03,0.9996639784946236,0.7943548387096774
F4-Z4,2019-04,0.9649305555555555,0.9690972222222223
F4-Z4,2019-05,0.9758064516129032,0.3699596774193548
F4-Z4,2019-06,0.9798611111111111,0.9673611111111111
F4-Z4,2019-07,0.9741263440860215,0.9294354838709677
F4-Z4,2019-08,0.9734543010752689,0.5776209677419355
F4-Z4,2019-09,0.9729166666666667,0.10555555555555556
F4-Z4,2019-10,0.9764784946236559,0.9230510752688172
F4-Z4,2019-11,0.8760416666666667,0.9545138888888889
F4-Z4,2019-12,0.8891129032258065,0.9670698924731183
F4-Z5,2018-07,0.9112903225806451,0.6854838709677419
F4-Z5,2018-08,0.9089381720430108,0.7852822580645161
F4-Z5,2018-09,0.9333333333333333,0.3920138888888889
F4-Z5,2018-10,0.9049059139784946,0.0
F4-Z5,2018-11,0.31006944444444445,0.0
F4-Z5,2018-12,0.895497311827957,0.0
F4-Z5,2019-01,0.9858870967741935,0.0
F4-Z5,2019-02,0.9988839285714286,0.0
F4-Z5,2019-03,0.9996639784946236,0.7980510752688172
F4-Z5,2019-04,0.9704861111111112,0.9732638888888889
F4-Z5,2019-05,0.9791666666666666,0.9771505376344086
F4-Z5,2019-06,0.984375,0.9767361111111111
F4-Z5,2019-07,0.977486559139785,0.9637096774193549
F4-Z5,2019-08,0.9751344086021505,0.9603494623655914
F4-Z5,2019-09,0.9753472222222223,0.9680555555555556
F4-Z5,2019-10,0.9781586021505376,0.9694220430107527
F4-Z5,2019-11,0.8791666666666667,0.934375
F4-Z5,2019-12,0.8981854838709677,0.9539650537634409
F5-Z1,2018-07,0.9996639784946236,0.8252688172043011
F5-Z1,2018-08,0.9919354838709677,0.8081317204301075
F5-Z1,2018-09,0.9965277777777778,0.31840277777777776
F5-Z1,2018-10,0.9966397849462365,0.0
F5-Z1,2018-11,0.7947916666666667,0.0
F5-Z1,2018-12,0.9405241935483871,0.0
F5-Z1,2019-01,0.6989247311827957,0.0
F5-Z1,2019-02,0.5695684523809523,0.0
F5-Z1,2019-03,0.9516129032258065,0.7903225806451613
F5-Z1,2019-04,0.9722222222222222,0.9628472222222222
F5-Z1,2019-05,0.9724462365591398,0.9741263440860215
F5-Z1,2019-06,0.9881944444444445,0.9645833333333333
F5-Z1,2019-07,0.9858870967741935,0.9583333333333334
F5-Z1,2019-08,1.0,0.3870967741935484
F5-Z1,2019-09,0.99375,0.10694444444444444
F5-Z1,2019-10,0.991263440860215,0.9566532258064516
F5-Z1,2019-11,0.9972222222222222,0.9388888888888889
F5-Z1,2019-12,0.9969758064516129,0.9338037634408602
F5-Z2,2018-07,0.9247311827956989,0.8091397849462365
F5-Z2,2018-08,0.9290994623655914,0.8128360215053764
F5-Z2,2018-09,0.9506944444444444,0.3107638888888889
F5-Z2,2018-10,0.9949596774193549,0.0
F5-Z2,2018-11,0.8024305555555555,0.0
F5-Z2,2018-12,0.9764784946236559,0.0
F5-Z2,2019-01,0.7022849462365591,0.0
F5-Z2,2019-02,0.5714285714285714,0.0
F5-Z2,2019-03,0.9543010752688172,0.7940188172043011
F5-Z2,2019-04,0.9756944444444444,0.915625
F5-Z2,2019-05,0.5688844086021505,0.4801747311827957
F5-Z2,2019-06,0.9986111111111111,0.9583333333333334
F5-Z2,2019-07,0.9919354838709677,0.5907258064516129
F5-Z2,2019-08,1.0,0.0
F5-Z2,2019-09,0.9951388888888889,0.10902777777777778
F5-Z2,2019-10,0.9922715053763441,0.9455645161290323
F5-Z2,2019-11,0.9972222222222222,0.9572916666666667
F5-Z2,2019-12,0.9919354838709677,0.9415322580645161
F5-Z3,2018-07,1.0,0.0
F5-Z3,2018-08,0.9922715053763441,0.0
F5-Z3,2018-09,0.9975694444444444,0.0
F5-Z3,2018-10,0.998991935483871,0.0
F5-Z3,2018-11,0.8135416666666667,0.0
F5-Z3,2018-12,0.9966397849462365,0.0
F5-Z3,2019-01,0.9203629032258065,0.0
F5-Z3,2019-02,0.8582589285714286,0.0
F5-Z3,2019-03,1.0,0.0
F5-Z3,2019-04,0.9996527777777777,0.0
F5-Z3,2019-05,0.9996639784946236,0.0
F5-Z3,2019-06,1.0,0.0
F5-Z3,2019-07,0.9919354838709677,0.0
F5-Z3,2019-08,1.0,0.0
F5-Z3,2019-09,0.9961805555555555,0.0
F5-Z3,2019-10,1.0,0.0
F5-Z3,2019-11,1.0,0.0
F5-Z3,2019-12,1.0,0.0
F5-Z4,2018-07,0.9899193548387096,0.8101478494623656
F5-Z4,2018-08,0.9741263440860215,0.8081317204301075
F5-Z4,2018-09,0.9802083333333333,0.40729166666666666
F5-Z4,2018-10,0.9566532258064516,0.0
F5-Z4,2018-11,0.7170138888888888,0.0
F5-Z4,2018-12,0.8615591397849462,0.0
F5-Z4,2019-01,0.6979166666666666,0.0
F5-Z4,2019-02,0.5744047619047619,0.0
F5-Z4,2019-03,0.9499327956989247,0.801747311827957
F5-Z4,2019-04,0.9413194444444445,0.43645833333333334
F5-Z4,2019-05,0.9469086021505376,0.9620295698924731
F5-Z4,2019-06,0.9555555555555556,0.9659722222222222
F5-Z4,2019-07,0.9778225806451613,0.9327956989247311
F5-Z4,2019-08,0.9993279569892473,0.9475806451612904
F5-Z4,2019-09,0.9951388888888889,0.9434027777777778
F5-Z4,2019-10,0.9939516129032258,0.9563172043010753
F5-Z4,2019-11,0.9972222222222222,0.9611111111111111
F5-Z4,2019-12,0.947244623655914,0.7946908602150538
F5-Z5,2018-07,0.9899193548387096,0.8225806451612904
F5-Z5,2018-08,0.9741263440860215,0.7967069892473119
F5-Z5,2018-09,0.9802083333333333,0.39826388888888886
F5-Z5,2018-10,0.9566532258064516,0.0
F5-Z5,2018-11,0.7170138888888888,0.0
F5-Z5,2018-12,0.8598790322580645,0.0
F5-Z5,2019-01,0.6969086021505376,0.0
F5-Z5,2019-02,0.5688244047619048,0.0
F5-Z5,2019-03,0.9358198924731183,0.7889784946236559
F5-Z5,2019-04,0.9388888888888889,0.9517361111111111
F5-Z5,2019-05,0.947244623655914,0.9751344086021505
F5-Z5,2019-06,0.9555555555555556,0.9427083333333334
F5-Z5,2019-07,0.9771505376344086,0.8770161290322581
F5-Z5,2019-08,0.9993279569892473,0.9109543010752689
F5-Z5,2019-09,0.9961805555555555,0.9569444444444445
F5-Z5,2019-10,0.9926075268817204,0.9415322580645161
F5-Z5,2019-11,0.9972222222222222,0.9569444444444445
F5-Z5,2019-12,0.947244623655914,0.9831989247311828
F6-Z1,2018-07,0.9996639784946236,0.7889784946236559
F6-Z1,2018-08,0.9926075268817204,0.7896505376344086
F6-Z1,2018-09,0.98125,0.33229166666666665
F6-Z1,2018-10,0.9922715053763441,0.0
F6-Z1,2018-11,1.0,0.0
F6-Z1,2018-12,0.9993279569892473,0.0
F6-Z1,2019-01,0.9942876344086021,0.0
F6-Z1,2019-02,0.9992559523809523,0.0
F6-Z1,2019-03,1.0,0.7967069892473119
F6-Z1,2019-04,0.9982638888888888,0.9631944444444445
F6-Z1,2019-05,0.9952956989247311,0.897513440860215
F6-Z1,2019-06,0.9892361111111111,0.7809027777777777
F6-Z1,2019-07,0.989247311827957,0.9633736559139785
F6-Z1,2019-08,0.9959677419354839,0.9667338709677419
F6-Z1,2019-09,0.9923611111111111,0.9652777777777778
F6-Z1,2019-10,0.6925403225806451,0.6717069892473119
F6-Z1,2019-11,0.0,0.0
F6-Z1,2019-12,0.0,0.0
F6-Z2,2018-07,0.9996639784946236,0.7913306451612904
F6-Z2,2018-08,0.9926075268817204,0.8091397849462365
F6-Z2,2018-09,0.9847222222222223,0.35520833333333335
F6-Z2,2018-10,0.9926075268817204,0.0
F6-Z2,2018-11,1.0,0.0
F6-Z2,2018-12,0.9993279569892473,0.0
F6-Z2,2019-01,0.9952956989247311,0.0
F6-Z2,2019-02,0.9996279761904762,0.0
F6-Z2,2019-03,0.9996639784946236,0.7856182795698925
F6-Z2,2019-04,0.9986111111111111,0.95625
F6-Z2,2019-05,0.9993279569892473,0.9559811827956989
F6-Z2,2019-06,0.9958333333333333,0.9663194444444444
F6-Z2,2019-07,0.9915994623655914,0.9506048387096774
F6-Z2,2019-08,0.9979838709677419,0.9610215053763441
F6-Z2,2019-09,0.9951388888888889,0.9579861111111111
F6-Z2,2019-10,0.6935483870967742,0.01646505376344086
F6-Z2,2019-11,0.0,0.0
F6-Z2,2019-12,0.0,0.0
F6-Z3,2018-07,0.9983198924731183,0.0
F6-Z3,2018-08,0.9919354838709677,0.0
F6-Z3,2018-09,0.9975694444444444,0.0
F6-Z3,2018-10,0.9983198924731183,0.0
F6-Z3,2018-11,1.0,0.0
F6-Z3,2018-12,1.0,0.0
F6-Z3,2019-01,0.9956317204301075,0.0
F6-Z3,2019-02,1.0,0.0
F6-Z3,2019-03,1.0,0.0
F6-Z3,2019-04,1.0,0.0
F6-Z3,2019-05,1.0,0.0
F6-Z3,2019-06,1.0,0.0
F6-Z3,2019-07,0.9922715053763441,0.0
F6-Z3,2019-08,1.0,0.0
F6-Z3,2019-09,0.996875,0.0
F6-Z3,2019-10,0.6952284946236559,0.0
F6-Z3,2019-11,0.0,0.0
F6-Z3,2019-12,0.0,0.0
F6-Z4,2018-07,0.789986559139785,0.813508064516129
F6-Z4,2018-08,0.7950268817204301,0.7896505376344086
F6-Z4,2018-09,0.8222222222222222,0.3888888888888889
F6-Z4,2018-10,0.969758064516129,0.0
F6-Z4,2018-11,0.9993055555555556,0.0
F6-Z4,2018-12,0.998991935483871,0.0
F6-Z4,2019-01,0.9909274193548387,0.0
F6-Z4,2019-02,0.9973958333333334,0.0
F6-Z4,2019-03,0.9973118279569892,0.7869623655913979
F6-Z4,2019-04,0.9899305555555555,0.9746527777777778
F6-Z4,2019-05,0.9956317204301075,0.9781586021505376
F6-Z4,2019-06,0.9975694444444444,0.9767361111111111
F6-Z4,2019-07,0.9915994623655914,0.9690860215053764
F6-Z4,2019-08,0.9969758064516129,0.9727822580645161
F6-Z4,2019-09,0.9881944444444445,0.9625
F6-Z4,2019-10,0.6908602150537635,0.6764112903225806
F6-Z4,2019-11,0.0,0.0
F6-Z4,2019-12,0.0,0.0
F6-Z5,2018-07,0.8548387096774194,0.8175403225806451
F6-Z5,2018-08,0.8713037634408602,0.8081317204301075
F6-Z5,2018-09,0.8892361111111111,0.31180555555555556
F6-Z5,2018-10,0.9768145161290323,0.0
F6-Z5,2018-11,0.9996527777777777,0.0
F6-Z5,2018-12,0.998991935483871,0.0
F6-Z5,2019-01,0.9929435483870968,0.0
F6-Z5,2019-02,0.984375,0.0
F6-Z5,2019-03,0.9788306451612904,0.793010752688172
F6-Z5,2019-04,0.9482638888888889,0.9256944444444445
F6-Z5,2019-05,0.9771505376344086,0.9744623655913979
F6-Z5,2019-06,0.9899305555555555,0.9788194444444445
F6-Z5,2019-07,0.9919354838709677,0.9627016129032258
F6-Z5,2019-08,0.9932795698924731,0.9620295698924731
F6-Z5,2019-09,0.9850694444444444,0.9416666666666667
F6-Z5,2019-10,0.6851478494623656,0.6633064516129032
F6-Z5,2019-11,0.0,0.0
F6-Z5,2019-12,0.0,0.0
F7-Z1,2018-07,1.0,0.821236559139785
F7-Z1,2018-08,0.9919354838709677,0.7970430107526881
F7-Z1,2018-09,0.996875,0.3128472222222222
F7-Z1,2018-10,0.9966397849462365,0.0
F7-Z1,2018-11,0.9979166666666667,0.0
F7-Z1,2018-12,0.9973118279569892,0.0
F7-Z1,2019-01,0.7130376344086021,0.0
F7-Z1,2019-02,0.5758928571428571,0.0
F7-Z1,2019-03,0.988239247311828,0.7946908602150538
F7-Z1,2019-04,0.9520833333333333,0.9611111111111111
F7-Z1,2019-05,0.9828629032258065,0.9593413978494624
F7-Z1,2019-06,0.9715277777777778,0.9670138888888888
F7-Z1,2019-07,0.9788306451612904,0.9566532258064516
F7-Z1,2019-08,0.9979838709677419,0.9640456989247311
F7-Z1,2019-09,0.99375,0.9541666666666667
F7-Z1,2019-10,1.0,0.9559811827956989
F7-Z1,2019-11,0.996875,0.9611111111111111
F7-Z1,2019-12,0.9979838709677419,0.9506048387096774
F7-Z2,2018-07,0.9996639784946236,0.8239247311827957
F7-Z2,2018-08,0.9922715053763441,0.8051075268817204
F7-Z2,2018-09,0.996875,0.384375
F7-Z2,2018-10,0.9966397849462365,0.0
F7-Z2,2018-11,0.9986111111111111,0.0
F7-Z2,2018-12,0.9976478494623656,0.0
F7-Z2,2019-01,0.7153897849462365,0.0
F7-Z2,2019-02,0.5792410714285714,0.0
F7-Z2,2019-03,0.9942876344086021,0.7967069892473119
F7-Z2,2019-04,0.9902777777777778,0.9711805555555556
F7-Z2,2019-05,0.9915994623655914,0.9667338709677419
F7-Z2,2019-06,0.9864583333333333,0.9649305555555555
F7-Z2,2019-07,0.9868951612903226,0.9637096774193549
F7-Z2,2019-08,0.9986559139784946,0.9616935483870968
F7-Z2,2019-09,0.9940972222222222,0.9534722222222223
F7-Z2,2019-10,0.9996639784946236,0.9428763440860215
F7-Z2,2019-11,0.9961805555555555,0.9555555555555556
F7-Z2,2019-12,0.9963037634408602,0.9613575268817204
F7-Z3,2018-07,1.0,0.0
F7-Z3,2018-08,0.9926075268817204,0.0
F7-Z3,2018-09,0.9975694444444444,0.0
F7-Z3,2018-10,0.998991935483871,0.0
F7-Z3,2018-11,1.0,0.0
F7-Z3,2018-12,1.0,0.0
F7-Z3,2019-01,0.9448924731182796,0.0
F7-Z3,2019-02,0.7250744047619048,0.0
F7-Z3,2019-03,0.9939516129032258,0.0
F7-Z3,2019-04,0.971875,0.0
F7-Z3,2019-05,1.0,0.0
F7-Z3,2019-06,0.9913194444444444,0.0
F7-Z3,2019-07,0.9922715053763441,0.0
F7-Z3,2019-08,1.0,0.0
F7-Z3,2019-09,0.9965277777777778,0.0
F7-Z3,2019-10,1.0,0.0
F7-Z3,2019-11,1.0,0.0
F7-Z3,2019-12,1.0,0.0
F7-Z4,2018-07,0.9996639784946236,0.8202284946236559
F7-Z4,2018-08,0.9922715053763441,0.7963709677419355
F7-Z4,2018-09,0.9961805555555555,0.3920138888888889
F7-Z4,2018-10,0.9966397849462365,0.0
F7-Z4,2018-11,0.9989583333333333,0.0
F7-Z4,2018-12,0.9979838709677419,0.0
F7-Z4,2019-01,0.7137096774193549,0.0
F7-Z4,2019-02,0.5662202380952381,0.0
F7-Z4,2019-03,0.9667338709677419,0.7906586021505376
F7-Z4,2019-04,0.9333333333333333,0.9670138888888888
F7-Z4,2019-05,0.990255376344086,0.9633736559139785
F7-Z4,2019-06,0.9583333333333334,0.9184027777777778
F7-Z4,2019-07,0.9831989247311828,0.9583333333333334
F7-Z4,2019-08,0.9996639784946236,0.956989247311828
F7-Z4,2019-09,0.9958333333333333,0.9590277777777778
F7-Z4,2019-10,0.9993279569892473,0.7479838709677419
F7-Z4,2019-11,0.996875,0.9645833333333333
F7-Z4,2019-12,0.9973118279569892,0.9674059139784946
F7-Z5,2018-07,1.0,0.8178763440860215
F7-Z5,2018-08,0.9922715053763441,0.7755376344086021
F7-Z5,2018-09,0.996875,0.3177083333333333
F7-Z5,2018-10,0.9963037634408602,0.0
F7-Z5,2018-11,0.9982638888888888,0.0
F7-Z5,2018-12,0.9983198924731183,0.0
F7-Z5,2019-01,0.7137096774193549,0.0
F7-Z5,2019-02,0.5818452380952381,0.0
F7-Z5,2019-03,0.9936155913978495,0.7963709677419355
F7-Z5,2019-04,0.9590277777777778,0.953125
F7-Z5,2019-05,0.9909274193548387,0.5665322580645161
F7-Z5,2019-06,0.98125,0.978125
F7-Z5,2019-07,0.9835349462365591,0.9559811827956989
F7-Z5,2019-08,1.0,0.9771505376344086
F7-Z5,2019-09,0.9954861111111111,0.9663194444444444
F7-Z5,2019-10,0.9996639784946236,0.9653897849462365
F7-Z5,2019-11,0.9958333333333333,0.9631944444444445
F7-Z5,2019-12,0.9979838709677419,0.9643817204301075
