zone_id,target_lux,dimming_cap,conditional_peak_reduction_kw,supported_peak_reduction_kw,assessment_supported,active_intervals,coincident_building_reduction_kw
F1-Z1,300,0.1,0.0,,False,0,0.0
F1-Z2,300,0.1,0.0,,False,0,0.0
F1-Z3,300,0.1,0.0,,False,0,0.0
F1-Z4,300,0.1,0.0,,False,0,0.0
F2-Z1,300,0.1,0.0,0.0,True,0,0.0
F2-Z2,300,0.1,0.0,0.0,True,0,0.0
F2-Z3,300,0.1,0.0,0.0,True,0,0.0
F2-Z4,300,0.1,0.0,0.0,True,0,0.0
F3-Z1,300,0.1,0.0,,False,0,0.0
F3-Z2,300,0.1,0.0,,False,0,0.0
F3-Z3,300,0.1,0.0,,False,0,0.0
F3-Z4,300,0.1,0.0,,False,0,0.0
F3-Z5,300,0.1,0.0,,False,0,0.0
F4-Z1,300,0.1,0.0,,False,0,0.0
F4-Z2,300,0.1,0.0,,False,0,0.0
F4-Z3,300,0.1,0.0,,False,0,0.0
F4-Z4,300,0.1,0.0,0.0,True,0,0.0
F4-Z5,300,0.1,0.0,0.0,True,0,0.0
F5-Z1,300,0.1,0.0,0.0,True,0,0.0
F5-Z2,300,0.1,0.0,0.0,True,0,0.0
F5-Z3,300,0.1,0.0,,False,0,0.0
F5-Z4,300,0.1,0.0,,False,0,0.0
F5-Z5,300,0.1,0.0,,False,0,0.0
F6-Z1,300,0.1,0.0,0.0,True,0,0.0
F6-Z2,300,0.1,0.0,0.0,True,0,0.0
F6-Z3,300,0.1,0.0,,False,0,0.0
F6-Z4,300,0.1,0.0,0.0,True,0,0.0
F6-Z5,300,0.1,0.0,,False,0,0.0
F7-Z1,300,0.1,0.0,0.0,True,0,0.0
F7-Z2,300,0.1,0.0,0.0,True,0,0.0
F7-Z3,300,0.1,0.0,,False,0,0.0
F7-Z4,300,0.1,0.0,,False,0,0.0
F7-Z5,300,0.1,0.0,0.0,True,0,0.0
F1-Z1,300,0.2,0.0,,False,0,0.0
F1-Z2,300,0.2,0.0,,False,0,0.0
F1-Z3,300,0.2,0.0,,False,0,0.0
F1-Z4,300,0.2,0.0,,False,0,0.0
F2-Z1,300,0.2,0.0,0.0,True,0,0.0
F2-Z2,300,0.2,0.0,0.0,True,0,0.0
F2-Z3,300,0.2,0.0,0.0,True,0,0.0
F2-Z4,300,0.2,0.0,0.0,True,0,0.0
F3-Z1,300,0.2,0.0,,False,0,0.0
F3-Z2,300,0.2,0.0,,False,0,0.0
F3-Z3,300,0.2,0.0,,False,0,0.0
F3-Z4,300,0.2,0.0,,False,0,0.0
F3-Z5,300,0.2,0.0,,False,0,0.0
F4-Z1,300,0.2,0.0,,False,0,0.0
F4-Z2,300,0.2,0.0,,False,0,0.0
F4-Z3,300,0.2,0.0,,False,0,0.0
F4-Z4,300,0.2,0.0,0.0,True,0,0.0
F4-Z5,300,0.2,0.0,0.0,True,0,0.0
F5-Z1,300,0.2,0.0,0.0,True,0,0.0
F5-Z2,300,0.2,0.0,0.0,True,0,0.0
F5-Z3,300,0.2,0.0,,False,0,0.0
F5-Z4,300,0.2,0.0,,False,0,0.0
F5-Z5,300,0.2,0.0,,False,0,0.0
F6-Z1,300,0.2,0.0,0.0,True,0,0.0
F6-Z2,300,0.2,0.0,0.0,True,0,0.0
F6-Z3,300,0.2,0.0,,False,0,0.0
F6-Z4,300,0.2,0.0,0.0,True,0,0.0
F6-Z5,300,0.2,0.0,,False,0,0.0
F7-Z1,300,0.2,0.0,0.0,True,0,0.0
F7-Z2,300,0.2,0.0,0.0,True,0,0.0
F7-Z3,300,0.2,0.0,,False,0,0.0
F7-Z4,300,0.2,0.0,,False,0,0.0
F7-Z5,300,0.2,0.0,0.0,True,0,0.0
F1-Z1,300,0.3,0.0,,False,0,0.0
F1-Z2,300,0.3,0.0,,False,0,0.0
F1-Z3,300,0.3,0.0,,False,0,0.0
F1-Z4,300,0.3,0.0,,False,0,0.0
F2-Z1,300,0.3,0.0,0.0,True,0,0.0
F2-Z2,300,0.3,0.0,0.0,True,0,0.0
F2-Z3,300,0.3,0.0,0.0,True,0,0.0
F2-Z4,300,0.3,0.0,0.0,True,0,0.0
F3-Z1,300,0.3,0.0,,False,0,0.0
F3-Z2,300,0.3,0.0,,False,0,0.0
F3-Z3,300,0.3,0.0,,False,0,0.0
F3-Z4,300,0.3,0.0,,False,0,0.0
F3-Z5,300,0.3,0.0,,False,0,0.0
F4-Z1,300,0.3,0.0,,False,0,0.0
F4-Z2,300,0.3,0.0,,False,0,0.0
F4-Z3,300,0.3,0.0,,False,0,0.0
F4-Z4,300,0.3,0.0,0.0,True,0,0.0
F4-Z5,300,0.3,0.0,0.0,True,0,0.0
F5-Z1,300,0.3,0.0,0.0,True,0,0.0
F5-Z2,300,0.3,0.0,0.0,True,0,0.0
F5-Z3,300,0.3,0.0,,False,0,0.0
F5-Z4,300,0.3,0.0,,False,0,0.0
F5-Z5,300,0.3,0.0,,False,0,0.0
F6-Z1,300,0.3,0.0,0.0,True,0,0.0
F6-Z2,300,0.3,0.0,0.0,True,0,0.0
F6-Z3,300,0.3,0.0,,False,0,0.0
F6-Z4,300,0.3,0.0,0.0,True,0,0.0
F6-Z5,300,0.3,0.0,,False,0,0.0
F7-Z1,300,0.3,0.0,0.0,True,0,0.0
F7-Z2,300,0.3,0.0,0.0,True,0,0.0
F7-Z3,300,0.3,0.0,,False,0,0.0
F7-Z4,300,0.3,0.0,,False,0,0.0
F7-Z5,300,0.3,0.0,0.0,True,0,0.0
F1-Z1,500,0.1,0.0,,False,0,0.0
F1-Z2,500,0.1,0.0,,False,0,0.0
F1-Z3,500,0.1,0.0,,False,0,0.0
F1-Z4,500,0.1,0.0,,False,0,0.0
F2-Z1,500,0.1,0.0,0.0,True,0,0.0
F2-Z2,500,0.1,0.0,0.0,True,0,0.0
F2-Z3,500,0.1,0.0,0.0,True,0,0.0
F2-Z4,500,0.1,0.0,0.0,True,0,0.0
F3-Z1,500,0.1,0.0,,False,0,0.0
F3-Z2,500,0.1,0.0,,False,0,0.0
F3-Z3,500,0.1,0.0,,False,0,0.0
F3-Z4,500,0.1,0.0,,False,0,0.0
F3-Z5,500,0.1,0.0,,False,0,0.0
F4-Z1,500,0.1,0.0,,False,0,0.0
F4-Z2,500,0.1,0.0,,False,0,0.0
F4-Z3,500,0.1,0.0,,False,0,0.0
F4-Z4,500,0.1,0.0,0.0,True,0,0.0
F4-Z5,500,0.1,0.0,0.0,True,0,0.0
F5-Z1,500,0.1,0.0,0.0,True,0,0.0
F5-Z2,500,0.1,0.0,0.0,True,0,0.0
F5-Z3,500,0.1,0.0,,False,0,0.0
F5-Z4,500,0.1,0.0,,False,0,0.0
F5-Z5,500,0.1,0.0,,False,0,0.0
F6-Z1,500,0.1,0.0,0.0,True,0,0.0
F6-Z2,500,0.1,0.0,0.0,True,0,0.0
F6-Z3,500,0.1,0.0,,False,0,0.0
F6-Z4,500,0.1,0.0,0.0,True,0,0.0
F6-Z5,500,0.1,0.0,,False,0,0.0
F7-Z1,500,0.1,0.0,0.0,True,0,0.0
F7-Z2,500,0.1,0.0,0.0,True,0,0.0
F7-Z3,500,0.1,0.0,,False,0,0.0
F7-Z4,500,0.1,0.0,,False,0,0.0
F7-Z5,500,0.1,0.0,0.0,True,0,0.0
F1-Z1,500,0.2,0.0,,False,0,0.0
F1-Z2,500,0.2,0.0,,False,0,0.0
F1-Z3,500,0.2,0.0,,False,0,0.0
F1-Z4,500,0.2,0.0,,False,0,0.0
F2-Z1,500,0.2,0.0,0.0,True,0,0.0
F2-Z2,500,0.2,0.0,0.0,True,0,0.0
F2-Z3,500,0.2,0.0,0.0,True,0,0.0
F2-Z4,500,0.2,0.0,0.0,True,0,0.0
F3-Z1,500,0.2,0.0,,False,0,0.0
F3-Z2,500,0.2,0.0,,False,0,0.0
F3-Z3,500,0.2,0.0,,False,0,0.0
F3-Z4,500,0.2,0.0,,False,0,0.0
F3-Z5,500,0.2,0.0,,False,0,0.0
F4-Z1,500,0.2,0.0,,False,0,0.0
F4-Z2,500,0.2,0.0,,False,0,0.0
F4-Z3,500,0.2,0.0,,False,0,0.0
F4-Z4,500,0.2,0.0,0.0,True,0,0.0
F4-Z5,500,0.2,0.0,0.0,True,0,0.0
F5-Z1,500,0.2,0.0,0.0,True,0,0.0
F5-Z2,500,0.2,0.0,0.0,True,0,0.0
F5-Z3,500,0.2,0.0,,False,0,0.0
F5-Z4,500,0.2,0.0,,False,0,0.0
F5-Z5,500,0.2,0.0,,False,0,0.0
F6-Z1,500,0.2,0.0,0.0,True,0,0.0
F6-Z2,500,0.2,0.0,0.0,True,0,0.0
F6-Z3,500,0.2,0.0,,False,0,0.0
F6-Z4,500,0.2,0.0,0.0,True,0,0.0
F6-Z5,500,0.2,0.0,,False,0,0.0
F7-Z1,500,0.2,0.0,0.0,True,0,0.0
F7-Z2,500,0.2,0.0,0.0,True,0,0.0
F7-Z3,500,0.2,0.0,,False,0,0.0
F7-Z4,500,0.2,0.0,,False,0,0.0
F7-Z5,500,0.2,0.0,0.0,True,0,0.0
F1-Z1,500,0.3,0.0,,False,0,0.0
F1-Z2,500,0.3,0.0,,False,0,0.0
F1-Z3,500,0.3,0.0,,False,0,0.0
F1-Z4,500,0.3,0.0,,False,0,0.0
F2-Z1,500,0.3,0.0,0.0,True,0,0.0
F2-Z2,500,0.3,0.0,0.0,True,0,0.0
F2-Z3,500,0.3,0.0,0.0,True,0,0.0
F2-Z4,500,0.3,0.0,0.0,True,0,0.0
F3-Z1,500,0.3,0.0,,False,0,0.0
F3-Z2,500,0.3,0.0,,False,0,0.0
F3-Z3,500,0.3,0.0,,False,0,0.0
F3-Z4,500,0.3,0.0,,False,0,0.0
F3-Z5,500,0.3,0.0,,False,0,0.0
F4-Z1,500,0.3,0.0,,False,0,0.0
F4-Z2,500,0.3,0.0,,False,0,0.0
F4-Z3,500,0.3,0.0,,False,0,0.0
F4-Z4,500,0.3,0.0,0.0,True,0,0.0
F4-Z5,500,0.3,0.0,0.0,True,0,0.0
F5-Z1,500,0.3,0.0,0.0,True,0,0.0
F5-Z2,500,0.3,0.0,0.0,True,0,0.0
F5-Z3,500,0.3,0.0,,False,0,0.0
F5-Z4,500,0.3,0.0,,False,0,0.0
F5-Z5,500,0.3,0.0,,False,0,0.0
F6-Z1,500,0.3,0.0,0.0,True,0,0.0
F6-Z2,500,0.3,0.0,0.0,True,0,0.0
F6-Z3,500,0.3,0.0,,False,0,0.0
F6-Z4,500,0.3,0.0,0.0,True,0,0.0
F6-Z5,500,0.3,0.0,,False,0,0.0
F7-Z1,500,0.3,0.0,0.0,True,0,0.0
F7-Z2,500,0.3,0.0,0.0,True,0,0.0
F7-Z3,500,0.3,0.0,,False,0,0.0
F7-Z4,500,0.3,0.0,,False,0,0.0
F7-Z5,500,0.3,0.0,0.0,True,0,0.0
F1-Z1,750,0.1,0.0,,False,0,0.0
F1-Z2,750,0.1,0.0,,False,0,0.0
F1-Z3,750,0.1,0.0,,False,0,0.0
F1-Z4,750,0.1,0.0,,False,0,0.0
F2-Z1,750,0.1,0.0,0.0,True,0,0.0
F2-Z2,750,0.1,0.0,0.0,True,0,0.0
F2-Z3,750,0.1,0.0,0.0,True,0,0.0
F2-Z4,750,0.1,0.0,0.0,True,0,0.0
F3-Z1,750,0.1,0.0,,False,0,0.0
F3-Z2,750,0.1,0.0,,False,0,0.0
F3-Z3,750,0.1,0.0,,False,0,0.0
F3-Z4,750,0.1,0.0,,False,0,0.0
F3-Z5,750,0.1,0.0,,False,0,0.0
F4-Z1,750,0.1,0.0,,False,0,0.0
F4-Z2,750,0.1,0.0,,False,0,0.0
F4-Z3,750,0.1,0.0,,False,0,0.0
F4-Z4,750,0.1,0.0,0.0,True,0,0.0
F4-Z5,750,0.1,0.0,0.0,True,0,0.0
F5-Z1,750,0.1,0.0,0.0,True,0,0.0
F5-Z2,750,0.1,0.0,0.0,True,0,0.0
F5-Z3,750,0.1,0.0,,False,0,0.0
F5-Z4,750,0.1,0.0,,False,0,0.0
F5-Z5,750,0.1,0.0,,False,0,0.0
F6-Z1,750,0.1,0.0,0.0,True,0,0.0
F6-Z2,750,0.1,0.0,0.0,True,0,0.0
F6-Z3,750,0.1,0.0,,False,0,0.0
F6-Z4,750,0.1,0.0,0.0,True,0,0.0
F6-Z5,750,0.1,0.0,,False,0,0.0
F7-Z1,750,0.1,0.0,0.0,True,0,0.0
F7-Z2,750,0.1,0.0,0.0,True,0,0.0
F7-Z3,750,0.1,0.0,,False,0,0.0
F7-Z4,750,0.1,0.0,,False,0,0.0
F7-Z5,750,0.1,0.0,0.0,True,0,0.0
F1-Z1,750,0.2,0.0,,False,0,0.0
F1-Z2,750,0.2,0.0,,False,0,0.0
F1-Z3,750,0.2,0.0,,False,0,0.0
F1-Z4,750,0.2,0.0,,False,0,0.0
F2-Z1,750,0.2,0.0,0.0,True,0,0.0
F2-Z2,750,0.2,0.0,0.0,True,0,0.0
F2-Z3,750,0.2,0.0,0.0,True,0,0.0
F2-Z4,750,0.2,0.0,0.0,True,0,0.0
F3-Z1,750,0.2,0.0,,False,0,0.0
F3-Z2,750,0.2,0.0,,False,0,0.0
F3-Z3,750,0.2,0.0,,False,0,0.0
F3-Z4,750,0.2,0.0,,False,0,0.0
F3-Z5,750,0.2,0.0,,False,0,0.0
F4-Z1,750,0.2,0.0,,False,0,0.0
F4-Z2,750,0.2,0.0,,False,0,0.0
F4-Z3,750,0.2,0.0,,False,0,0.0
F4-Z4,750,0.2,0.0,0.0,True,0,0.0
F4-Z5,750,0.2,0.0,0.0,True,0,0.0
F5-Z1,750,0.2,0.0,0.0,True,0,0.0
F5-Z2,750,0.2,0.0,0.0,True,0,0.0
F5-Z3,750,0.2,0.0,,False,0,0.0
F5-Z4,750,0.2,0.0,,False,0,0.0
F5-Z5,750,0.2,0.0,,False,0,0.0
F6-Z1,750,0.2,0.0,0.0,True,0,0.0
F6-Z2,750,0.2,0.0,0.0,True,0,0.0
F6-Z3,750,0.2,0.0,,False,0,0.0
F6-Z4,750,0.2,0.0,0.0,True,0,0.0
F6-Z5,750,0.2,0.0,,False,0,0.0
F7-Z1,750,0.2,0.0,0.0,True,0,0.0
F7-Z2,750,0.2,0.0,0.0,True,0,0.0
F7-Z3,750,0.2,0.0,,False,0,0.0
F7-Z4,750,0.2,0.0,,False,0,0.0
F7-Z5,750,0.2,0.0,0.0,True,0,0.0
F1-Z1,750,0.3,0.0,,False,0,0.0
F1-Z2,750,0.3,0.0,,False,0,0.0
F1-Z3,750,0.3,0.0,,False,0,0.0
F1-Z4,750,0.3,0.0,,False,0,0.0
F2-Z1,750,0.3,0.0,0.0,True,0,0.0
F2-Z2,750,0.3,0.0,0.0,True,0,0.0
F2-Z3,750,0.3,0.0,0.0,True,0,0.0
F2-Z4,750,0.3,0.0,0.0,True,0,0.0
F3-Z1,750,0.3,0.0,,False,0,0.0
F3-Z2,750,0.3,0.0,,False,0,0.0
F3-Z3,750,0.3,0.0,,False,0,0.0
F3-Z4,750,0.3,0.0,,False,0,0.0
F3-Z5,750,0.3,0.0,,False,0,0.0
F4-Z1,750,0.3,0.0,,False,0,0.0
F4-Z2,750,0.3,0.0,,False,0,0.0
F4-Z3,750,0.3,0.0,,False,0,0.0
F4-Z4,750,0.3,0.0,0.0,True,0,0.0
F4-Z5,750,0.3,0.0,0.0,True,0,0.0
F5-Z1,750,0.3,0.0,0.0,True,0,0.0
F5-Z2,750,0.3,0.0,0.0,True,0,0.0
F5-Z3,750,0.3,0.0,,False,0,0.0
F5-Z4,750,0.3,0.0,,False,0,0.0
F5-Z5,750,0.3,0.0,,False,0,0.0
F6-Z1,750,0.3,0.0,0.0,True,0,0.0
F6-Z2,750,0.3,0.0,0.0,True,0,0.0
F6-Z3,750,0.3,0.0,,False,0,0.0
F6-Z4,750,0.3,0.0,0.0,True,0,0.0
F6-Z5,750,0.3,0.0,,False,0,0.0
F7-Z1,750,0.3,0.0,0.0,True,0,0.0
F7-Z2,750,0.3,0.0,0.0,True,0,0.0
F7-Z3,750,0.3,0.0,,False,0,0.0
F7-Z4,750,0.3,0.0,,False,0,0.0
F7-Z5,750,0.3,0.0,0.0,True,0,0.0
