zone_id,floor,zone,ac,humidity,light,lux,plug,temperature
F1-Z1,1,1,0,0,1,0,1,0
F1-Z2,1,2,4,0,1,0,1,0
F1-Z3,1,3,0,0,1,0,1,0
F1-Z4,1,4,0,0,1,0,0,0
F2-Z1,2,1,1,1,1,1,1,1
F2-Z2,2,2,14,1,1,1,1,1
F2-Z3,2,3,0,1,1,1,1,1
F2-Z4,2,4,1,1,1,1,1,1
F3-Z1,3,1,4,1,1,1,1,1
F3-Z2,3,2,1,1,1,1,1,1
F3-Z3,3,3,0,0,1,0,1,0
F3-Z4,3,4,1,1,1,1,1,1
F3-Z5,3,5,1,1,1,1,1,1
F4-Z1,4,1,4,1,1,1,1,1
F4-Z2,4,2,1,1,1,1,1,1
F4-Z3,4,3,0,0,1,0,1,0
F4-Z4,4,4,1,1,1,1,1,1
F4-Z5,4,5,1,1,1,1,1,1
F5-Z1,5,1,4,1,1,1,1,1
F5-Z2,5,2,1,1,1,1,1,1
F5-Z3,5,3,0,0,1,0,1,0
F5-Z4,5,4,1,1,1,1,1,1
F5-Z5,5,5,1,1,1,1,1,1
F6-Z1,6,1,1,1,1,1,1,1
F6-Z2,6,2,1,1,1,1,1,1
F6-Z3,6,3,0,0,1,0,1,0
F6-Z4,6,4,4,1,1,1,1,1
F6-Z5,6,5,1,1,1,1,1,1
F7-Z1,7,1,4,1,1,1,1,1
F7-Z2,7,2,1,1,1,1,1,1
F7-Z3,7,3,0,0,1,0,1,0
F7-Z4,7,4,1,1,1,1,1,1
F7-Z5,7,5,1,1,1,1,1,1
