year,zone_id,peak_time,peak_kw,light_at_peak_kw,light_share_pct,lux_min_at_peak
2018,F1-z1,2018-08-30 21:30:00,71.63,50.144,70.00418818930616,
2018,F1-z2,2018-08-12 12:30:00,132.95600000000002,18.163999999999998,13.661662504888833,
2018,F1-z3,2018-09-11 09:45:00,332.38666666666666,330.61066666666665,99.46568253840908,
2018,F1-z4,2018-08-30 19:30:00,65.69,65.69,100.0,
2018,F2-z1,2018-07-23 10:15:00,53.04066666666666,8.898666666666665,16.777064139465317,84.0
2018,F2-z2,2018-07-05 13:00:00,43.10666666666667,2.3133333333333335,5.366532632230126,107.0
2018,F2-z3,2018-07-16 06:45:00,4.0,1.39,34.75,0.0
2018,F2-z4,2018-09-04 11:30:00,13.546000000000001,2.1513333333333335,15.881687090900144,
2018,F3-z1,2018-07-06 08:00:00,36.83866666666666,4.5793333333333335,12.430779253682726,41.0
2018,F3-z2,2018-09-25 10:30:00,34.28133333333333,6.510000000000001,18.98992649060714,
2018,F3-z3,2018-08-14 07:45:00,2.2706666666666666,1.7346666666666666,76.39459776864358,
2018,F3-z4,2018-07-02 13:00:00,37.95666666666666,2.8486666666666665,7.5050496179854225,33.0
2018,F3-z5,2018-08-01 13:00:00,22.118,2.231333333333333,10.088314193567834,
2018,F4-z1,2018-10-16 13:15:00,44.32933333333333,5.168,11.658194724336033,
2018,F4-z2,2018-12-04 13:15:00,31.170666666666666,2.8746666666666667,9.222345795192062,
2018,F4-z3,2018-08-18 09:15:00,1.9226666666666667,1.556,80.92926490984743,
2018,F4-z4,2018-10-26 13:15:00,34.00066666666667,3.594666666666667,10.572341718789827,
2018,F4-z5,2018-10-16 08:00:00,20.231333333333332,1.0013333333333334,4.949418393910436,
2018,F5-z1,2018-07-23 10:30:00,45.04666666666667,9.450666666666669,20.979724729909726,55.0
2018,F5-z2,2018-12-06 13:15:00,31.336,3.454,11.022466173091653,
2018,F5-z3,2018-07-09 08:00:00,1.732,1.4633333333333334,84.48806774441879,
2018,F5-z4,2018-07-02 14:00:00,41.05533333333333,3.4986666666666664,8.521832323855609,68.0
2018,F5-z5,2018-09-27 13:15:00,22.568,2.7126666666666663,12.019969278033793,
2018,F6-z1,2018-07-23 13:00:00,32.98533333333334,3.3613333333333335,10.190387647035045,48.0
2018,F6-z2,2018-07-02 13:15:00,34.21066666666666,7.518666666666666,21.977550861329803,51.0
2018,F6-z3,2018-12-19 08:45:00,2.904,2.5953333333333335,89.37098255280074,
2018,F6-z4,2018-08-01 13:30:00,40.62533333333333,5.132666666666667,12.634152745413374,30.0
2018,F6-z5,2018-10-18 13:00:00,23.47666666666667,2.524,10.751100383359363,
2018,F7-z1,2018-11-21 13:15:00,41.38666666666667,3.2626666666666666,7.883376288659793,
2018,F7-z2,2018-09-27 13:15:00,32.996,2.8266666666666667,8.566694952923587,
2018,F7-z3,2018-12-03 16:00:00,0.9693333333333334,0.68,70.15130674002751,
2018,F7-z4,2018-08-16 13:00:00,36.71266666666667,4.383333333333334,11.939566725380885,
2018,F7-z5,2018-10-18 13:15:00,24.584000000000003,4.112,16.726326065733808,
2019,F1-z1,2019-06-21 18:45:00,56.89666666666666,43.75266666666666,76.89847091217997,
2019,F1-z2,2019-04-29 14:45:00,146.4,36.98133333333333,25.26047358834244,
2019,F1-z3,2019-12-17 19:00:00,76.36933333333333,75.90666666666667,99.39417218080557,
2019,F1-z4,2019-03-24 18:30:00,57.93,57.93,100.0,
2019,F2-z1,2019-04-17 15:45:00,55.47,8.414666666666667,15.169761432606215,72.0
2019,F2-z2,2019-04-22 09:45:00,46.938,2.65,5.645745451446589,50.0
2019,F2-z3,2019-05-30 11:15:00,3.0999999999999996,1.4093333333333333,45.462365591397855,3.0
2019,F2-z4,2019-04-22 13:30:00,13.09533333333333,1.85,14.1271699842183,46.0
2019,F3-z1,2019-05-21 13:30:00,45.141333333333336,4.875333333333333,10.800153591682419,34.0
2019,F3-z2,2019-05-07 13:15:00,36.409333333333336,6.192666666666667,17.00845936939246,69.0
2019,F3-z3,2019-02-08 14:30:00,9.241333333333333,6.866,74.29663829173279,
2019,F3-z4,2019-04-19 13:15:00,39.73133333333333,3.038,7.646358038156282,37.0
2019,F3-z5,2019-05-07 13:15:00,22.691999999999997,2.3333333333333335,10.28262530113403,
2019,F4-z1,2019-06-04 14:00:00,44.94200000000001,4.536666666666666,10.09449216026582,58.0
2019,F4-z2,2019-05-08 13:30:00,30.982,2.3393333333333337,7.550620790566566,34.0
2019,F4-z3,2019-12-23 06:45:00,1.978,1.0506666666666666,53.11762723289518,
2019,F4-z4,2019-05-03 13:15:00,42.873333333333335,3.3586666666666667,7.8339294044472085,60.0
2019,F4-z5,2019-05-07 13:15:00,22.799999999999997,1.6119999999999999,7.0701754385964914,71.0
2019,F5-z1,2019-04-02 13:30:00,43.61266666666666,5.666666666666667,12.993167122701358,49.0
2019,F5-z2,2019-04-22 14:15:00,33.27866666666666,4.096,12.30818542409552,37.0
2019,F5-z3,2019-05-03 07:30:00,1.8306666666666669,1.5506666666666669,84.70502549162418,
2019,F5-z4,2019-05-02 13:15:00,42.24133333333333,3.44,8.143682333259683,45.0
2019,F5-z5,2019-05-08 13:15:00,24.125333333333334,2.816666666666667,11.675140930695258,43.0
2019,F6-z1,2019-10-01 13:15:00,40.998666666666665,3.6386666666666665,8.875085368629875,50.0
2019,F6-z2,2019-10-21 11:15:00,34.61066666666667,6.279333333333333,18.14276908852762,
2019,F6-z3,2019-02-07 09:45:00,2.908666666666667,2.618666666666667,90.02979601191839,
2019,F6-z4,2019-04-17 13:30:00,43.388000000000005,4.234666666666667,9.7599950831259,42.0
2019,F6-z5,2019-05-02 13:15:00,23.041999999999998,2.566666666666667,11.139079362323875,45.0
2019,F7-z1,2019-05-02 16:00:00,42.888666666666666,3.1266666666666665,7.290193213436338,56.0
2019,F7-z2,2019-05-07 13:15:00,34.39266666666666,2.9566666666666666,8.596793890170385,40.0
2019,F7-z3,2019-01-16 16:30:00,1.0053333333333334,0.7113333333333334,70.75596816976127,
2019,F7-z4,2019-05-02 13:15:00,39.90933333333333,4.562666666666667,11.432580515835896,56.0
2019,F7-z5,2019-05-01 13:30:00,25.896,5.480666666666667,21.1641437545052,59.0
