zone_id,floor,expected_intervals,valid_intervals,baseline_coverage_fraction,training_intervals,training_coverage_fraction,operating_pair_coverage_fraction,assessment_supported,supported_peak_reduction_kw,supported_peak_reduction_pct,proven_comfort_preserving_reduction_kw,trigger_kw,baseline_peak_kw,scenario_peak_kw,conditional_peak_reduction_kw,conditional_peak_reduction_pct,baseline_peak_timestamp,scenario_peak_timestamp,lighting_kw_at_baseline_peak,saved_kw_at_baseline_peak,unrestricted_lighting_only_peak_ceiling_kw,peak_event_intervals,active_intervals,complete_lux_operating_intervals,measured_below_target_fraction,conditional_saved_kwh,proxy_below_guard_active_intervals,has_lux_sensor,status
F1-Z1,1,2880,2878,0.9993055555555556,720,1.0,0.0,False,,,,4.942699999999993,45.85933333333333,45.85933333333333,0.0,0.0,2019-04-23 19:30:00,2019-04-23 19:30:00,44.628,0.0,34.12266666666666,25,0,0,,0.0,0,False,Unavailable: no lux sensor
F1-Z2,1,2880,2864,0.9944444444444445,712,0.9888888888888889,0.0,False,,,,72.82936666666667,146.4,146.4,0.0,0.0,2019-04-29 14:45:00,2019-04-29 14:45:00,36.98133333333333,0.0,32.56000000000002,213,0,0,,0.0,0,False,Unavailable: no lux sensor
F1-Z3,1,2880,2880,1.0,720,1.0,0.0,False,,,,33.36879999999999,53.90866666666666,53.90866666666666,0.0,0.0,2019-04-01 19:45:00,2019-04-01 19:45:00,53.50333333333333,0.0,47.51333333333333,26,0,0,,0.0,0,False,Unavailable: no lux sensor
F1-Z4,1,2880,2880,1.0,720,1.0,0.0,False,,,,0.19406666666655203,53.206,53.206,0.0,0.0,2019-04-28 20:00:00,2019-04-28 20:00:00,53.206,0.0,53.206,38,0,0,,0.0,0,False,Unavailable: no lux sensor
F2-Z1,2,2880,2876,0.9986111111111111,720,1.0,0.9920454545454546,True,0.0,0.0,,51.7256,55.47,55.47,0.0,0.0,2019-04-17 15:45:00,2019-04-17 15:45:00,8.414666666666667,0.0,8.360666666666674,198,0,873,1.0,0.0,0,True,Screened: no measured headroom at triggered intervals
F2-Z2,2,2880,2865,0.9947916666666666,711,0.9875,0.9818181818181818,True,0.0,0.0,,39.58233333333334,46.938,46.938,0.0,0.0,2019-04-22 09:45:00,2019-04-22 09:45:00,2.65,0.0,2.6499999999999986,190,0,864,1.0,0.0,0,True,Screened: no measured headroom at triggered intervals
F2-Z3,2,2880,2880,1.0,720,1.0,0.9818181818181818,True,0.0,0.0,,1.6414333333333333,2.0973333333333333,2.0973333333333333,0.0,0.0,2019-04-29 11:15:00,2019-04-29 11:15:00,1.0973333333333335,0.0,1.0973333333333335,46,0,864,1.0,0.0,0,True,Screened: no measured headroom at triggered intervals
F2-Z4,2,2880,2865,0.9947916666666666,711,0.9875,0.9738636363636364,True,0.0,0.0,,12.532333333333334,13.09533333333333,13.09533333333333,0.0,0.0,2019-04-22 13:30:00,2019-04-22 13:30:00,1.85,0.0,1.7499999999999982,462,0,857,1.0,0.0,0,True,Screened: no measured headroom at triggered intervals
F3-Z1,3,2880,2596,0.9013888888888889,525,0.7291666666666666,0.8420454545454545,False,,,,,37.456,37.456,0.0,0.0,2019-04-19 13:30:00,2019-04-19 13:30:00,5.440666666666667,0.0,4.613333333333337,0,0,741,1.0,0.0,0,True,Unavailable: insufficient prior power calibration
F3-Z2,3,2880,2603,0.9038194444444444,526,0.7305555555555555,0.7306818181818182,False,,,,,35.47866666666666,35.47866666666666,0.0,0.0,2019-04-19 13:15:00,2019-04-19 13:15:00,6.449333333333333,0.0,6.114666666666661,0,0,643,1.0,0.0,0,True,Unavailable: insufficient prior power calibration
F3-Z3,3,2880,2880,1.0,720,1.0,0.0,False,,,,1.908,2.195333333333333,2.195333333333333,0.0,0.0,2019-04-17 12:45:00,2019-04-17 12:45:00,1.6126666666666665,0.0,1.5626666666666664,50,0,0,,0.0,0,False,Unavailable: no lux sensor
F3-Z4,3,2880,2458,0.8534722222222222,496,0.6888888888888889,0.7829545454545455,False,,,,,39.73133333333333,39.73133333333333,0.0,0.0,2019-04-19 13:15:00,2019-04-19 13:15:00,3.038,0.0,2.8813333333333304,0,0,689,1.0,0.0,0,True,Unavailable: insufficient prior power calibration
F3-Z5,3,2880,2473,0.8586805555555556,497,0.6902777777777778,0.7943181818181818,False,,,,,22.551333333333332,22.551333333333332,0.0,0.0,2019-04-22 13:15:00,2019-04-22 13:15:00,2.4426666666666668,0.0,2.4133333333333304,0,0,699,1.0,0.0,0,True,Unavailable: insufficient prior power calibration
F4-Z1,4,2880,51,0.017708333333333333,0,0.0,0.0125,False,,,,,44.08,44.08,0.0,0.0,2019-04-26 14:30:00,2019-04-26 14:30:00,4.96,0.0,4.960000000000001,0,0,11,1.0,0.0,0,True,Unavailable: insufficient prior power calibration
F4-Z2,4,2880,728,0.25277777777777777,715,0.9930555555555556,0.2375,False,,,,27.827533333333335,29.97133333333333,29.97133333333333,0.0,0.0,2019-04-29 13:15:00,2019-04-29 13:15:00,2.0606666666666666,0.0,2.060666666666666,10,0,209,1.0,0.0,0,True,Unavailable: incomplete April power baseline
F4-Z3,4,2880,2804,0.9736111111111111,720,1.0,0.0,False,,,,0.5700666666666667,1.4166666666666667,1.4166666666666667,0.0,0.0,2019-04-26 17:30:00,2019-04-26 17:30:00,0.9366666666666668,0.0,0.8873333333333335,36,0,0,,0.0,0,False,Unavailable: no lux sensor
F4-Z4,4,2880,2779,0.9649305555555555,720,1.0,0.9181818181818182,True,0.0,0.0,,31.926266666666663,35.17666666666667,35.17666666666667,0.0,0.0,2019-04-26 13:15:00,2019-04-26 13:15:00,3.366,0.0,3.3659999999999997,235,0,808,1.0,0.0,0,True,Screened: no measured headroom at triggered intervals
F4-Z5,4,2880,2795,0.9704861111111112,720,1.0,0.9386363636363636,True,0.0,0.0,,13.207199999999998,22.791999999999998,22.791999999999998,0.0,0.0,2019-04-17 13:15:00,2019-04-17 13:15:00,1.7486666666666666,0.0,1.6879999999999988,72,0,826,1.0,0.0,0,True,Screened: no measured headroom at triggered intervals
F5-Z1,5,2880,2800,0.9722222222222222,614,0.8527777777777777,0.9181818181818182,True,0.0,0.0,,41.2128,43.61266666666666,43.61266666666666,0.0,0.0,2019-04-02 13:30:00,2019-04-02 13:30:00,5.666666666666667,0.0,5.486666666666665,89,0,808,1.0,0.0,0,True,Screened: no measured headroom at triggered intervals
F5-Z2,5,2880,2810,0.9756944444444444,626,0.8694444444444445,0.8363636363636363,True,0.0,0.0,,28.74583333333333,33.27866666666666,33.27866666666666,0.0,0.0,2019-04-22 14:15:00,2019-04-22 14:15:00,4.096,0.0,4.0846666666666565,223,0,736,1.0,0.0,0,True,Screened: no measured headroom at triggered intervals
F5-Z3,5,2880,2879,0.9996527777777777,720,1.0,0.0,False,,,,1.3702666666666665,1.7433333333333334,1.7433333333333334,0.0,0.0,2019-04-26 08:00:00,2019-04-26 08:00:00,1.4633333333333334,0.0,1.4473333333333334,34,0,0,,0.0,0,False,Unavailable: no lux sensor
F5-Z4,5,2880,2711,0.9413194444444445,637,0.8847222222222222,0.36704545454545456,False,,,,29.30413333333332,41.64266666666667,41.64266666666667,0.0,0.0,2019-04-22 13:15:00,2019-04-22 13:15:00,3.452,0.0,3.451999999999998,146,0,323,1.0,0.0,0,True,Unavailable: incomplete April power baseline
F5-Z5,5,2880,2704,0.9388888888888889,608,0.8444444444444444,0.8272727272727273,False,,,,13.624833333333333,22.417333333333335,22.417333333333335,0.0,0.0,2019-04-30 08:00:00,2019-04-30 08:00:00,2.7453333333333334,0.0,2.7453333333333347,232,0,728,1.0,0.0,0,True,Unavailable: incomplete April power baseline
F6-Z1,6,2880,2875,0.9982638888888888,720,1.0,0.9579545454545455,True,0.0,0.0,,24.961133333333333,25.846,25.846,0.0,0.0,2019-04-17 16:00:00,2019-04-17 16:00:00,3.49,0.0,3.4899999999999984,154,0,843,1.0,0.0,0,True,Screened: no measured headroom at triggered intervals
F6-Z2,6,2880,2876,0.9986111111111111,719,0.9986111111111111,0.95,True,0.0,0.0,,31.412733333333332,33.49266666666667,33.49266666666667,0.0,0.0,2019-04-17 13:45:00,2019-04-17 13:45:00,6.553333333333333,0.0,6.039333333333342,151,0,836,1.0,0.0,0,True,Screened: no measured headroom at triggered intervals
F6-Z3,6,2880,2880,1.0,720,1.0,0.0,False,,,,2.4414999999999996,2.8226666666666667,2.8226666666666667,0.0,0.0,2019-04-03 08:15:00,2019-04-03 08:15:00,2.5453333333333332,0.0,2.526,20,0,0,,0.0,0,False,Unavailable: no lux sensor
F6-Z4,6,2880,2851,0.9899305555555555,717,0.9958333333333333,0.975,True,0.0,0.0,,32.28213333333333,43.388000000000005,43.388000000000005,0.0,0.0,2019-04-17 13:30:00,2019-04-17 13:30:00,4.234666666666667,0.0,4.234666666666669,118,0,858,1.0,0.0,0,True,Screened: no measured headroom at triggered intervals
F6-Z5,6,2880,2731,0.9482638888888889,704,0.9777777777777777,0.9170454545454545,False,,,,18.28206666666667,22.494,22.494,0.0,0.0,2019-04-17 13:15:00,2019-04-17 13:15:00,2.5279999999999996,0.0,2.166666666666668,104,0,807,1.0,0.0,0,True,Unavailable: incomplete April power baseline
F7-Z1,7,2880,2742,0.9520833333333333,708,0.9833333333333333,0.9079545454545455,True,0.0,0.0,,40.30486666666666,42.727999999999994,42.727999999999994,0.0,0.0,2019-04-25 13:15:00,2019-04-25 13:15:00,3.015333333333333,0.0,2.9326666666666625,152,0,799,1.0,0.0,0,True,Screened: no measured headroom at triggered intervals
F7-Z2,7,2880,2852,0.9902777777777778,713,0.9902777777777778,0.9738636363636364,True,0.0,0.0,,32.43546666666666,34.168,34.168,0.0,0.0,2019-04-22 13:15:00,2019-04-22 13:15:00,2.8366666666666664,0.0,2.836666666666666,264,0,857,1.0,0.0,0,True,Screened: no measured headroom at triggered intervals
F7-Z3,7,2880,2799,0.971875,715,0.9930555555555556,0.0,False,,,,0.27086666666666664,0.594,0.594,0.0,0.0,2019-04-30 20:15:00,2019-04-30 20:15:00,0.29,0.0,0.2746666666666666,55,0,0,,0.0,0,False,Unavailable: no lux sensor
F7-Z4,7,2880,2688,0.9333333333333333,686,0.9527777777777777,0.8977272727272727,False,,,,36.611,39.32933333333334,39.32933333333334,0.0,0.0,2019-04-30 13:15:00,2019-04-30 13:15:00,4.414,0.0,4.088000000000001,91,0,790,1.0,0.0,0,True,Unavailable: incomplete April power baseline
F7-Z5,7,2880,2762,0.9590277777777778,714,0.9916666666666667,0.9102272727272728,True,0.0,0.0,,22.004100000000005,25.302000000000003,25.302000000000003,0.0,0.0,2019-04-17 13:30:00,2019-04-17 13:30:00,5.446,0.0,5.417333333333339,223,0,801,1.0,0.0,0,True,Screened: no measured headroom at triggered intervals
