file,floor,year,column,missing_pct,negative_n,unique_n,zero_pct,min,median,max
2018Floor1.csv,1,2018,z1_Light(kW),0.5514039855072463,0,2476,12.456219806763286,0.0,0.02,134.97
2018Floor1.csv,1,2018,z1_Plug(kW),0.18342391304347827,0,2914,0.5408363526570048,0.0,0.87,57.86
2018Floor1.csv,1,2018,z2_AC1(kW),0.5729166666666666,0,5305,0.0,0.01,44.28,131.55
2018Floor1.csv,1,2018,z2_AC2(kW),0.5498943236714976,0,3979,0.35514794685990336,0.0,0.02,798.72
2018Floor1.csv,1,2018,z2_AC3(kW),0.5498943236714976,0,6,12.883076690821257,0.0,0.01,24.95
2018Floor1.csv,1,2018,z2_AC4(kW),0.5498943236714976,0,7,43.93002717391305,0.0,0.01,0.06
2018Floor1.csv,1,2018,z2_Light(kW),0.541213768115942,0,2565,0.0033967391304347825,0.0,14.8,55.28
2018Floor1.csv,1,2018,z2_Plug(kW),11.260190217391305,0,2510,0.0007548309178743961,0.0,15.89,55.12
2018Floor1.csv,1,2018,z3_Light(kW),0.1939915458937198,0,7953,0.0022644927536231885,0.0,20.77,4762.43
2018Floor1.csv,1,2018,z3_Plug(kW),0.5498943236714976,0,514,0.006793478260869565,0.0,0.92,22.22
2018Floor1.csv,1,2018,z4_Light(kW),0.194368961352657,0,5918,0.03170289855072463,0.0,9.91,512.01
2018Floor2.csv,2,2018,z1_AC1(kW),0.17889492753623187,0,3491,68.19482185990337,0.0,0.0,59.61
2018Floor2.csv,2,2018,z1_Light(kW),0.16417572463768115,0,1060,0.0200030193236715,0.0,0.01,11.11
2018Floor2.csv,2,2018,z1_Plug(kW),0.16493055555555555,0,502,0.004528985507246377,0.0,0.22,5.21
2018Floor2.csv,2,2018,z1_S1(degC),61.5300422705314,0,827,0.0,21.26,26.77,30.9
2018Floor2.csv,2,2018,z1_S1(RH%),61.5300422705314,0,2119,0.0,46.28,56.54,72.8
2018Floor2.csv,2,2018,z1_S1(lux),61.5300422705314,0,97,18.529589371980677,0.0,2.0,96.0
2018Floor2.csv,2,2018,z2_AC1(kW),0.22116545893719808,0,2479,27.66342089371981,0.0,1.02,50.72
2018Floor2.csv,2,2018,z2_AC2(kW),0.16606280193236714,0,153,24.156099033816425,0.0,0.98,1.52
2018Floor2.csv,2,2018,z2_AC3(kW),0.16606280193236714,0,120,46.48173309178744,0.0,0.72,1.19
2018Floor2.csv,2,2018,z2_AC4(kW),0.16606280193236714,0,134,46.47909118357488,0.0,0.81,1.39
2018Floor2.csv,2,2018,z2_AC5(kW),0.18568840579710144,0,186,23.933423913043477,0.0,1.29,15.76
2018Floor2.csv,2,2018,z2_AC6(kW),0.18568840579710144,0,177,0.5359299516908212,0.0,0.42,9.04
2018Floor2.csv,2,2018,z2_AC7(kW),0.18568840579710144,0,131,26.929725241545892,0.0,0.86,10.34
2018Floor2.csv,2,2018,z2_AC8(kW),0.18568840579710144,0,133,48.394474637681164,0.0,0.16,6.46
2018Floor2.csv,2,2018,z2_AC9(kW),0.18568840579710144,0,143,26.928592995169083,0.0,0.96,12.0
2018Floor2.csv,2,2018,z2_AC10(kW),0.18568840579710144,0,157,48.03743961352657,0.0,0.2,7.42
2018Floor2.csv,2,2018,z2_AC11(kW),0.18568840579710144,0,1,99.81431159420289,0.0,0.0,0.0
2018Floor2.csv,2,2018,z2_AC12(kW),0.18568840579710144,0,67,99.06778381642512,0.0,0.0,1.34
2018Floor2.csv,2,2018,z2_AC13(kW),0.18568840579710144,0,205,94.35273248792271,0.0,0.0,10.3
2018Floor2.csv,2,2018,z2_AC14(kW),0.18568840579710144,0,136,97.89628623188406,0.0,0.0,1.61
2018Floor2.csv,2,2018,z2_Light(kW),0.16530797101449274,0,311,62.70606884057971,0.0,0.0,3.3
2018Floor2.csv,2,2018,z2_Plug(kW),0.16568538647342995,0,174,2.6513435990338166,0.0,0.07,2.11
2018Floor2.csv,2,2018,z2_S1(degC),61.62741545893719,0,827,0.0,21.42,28.26,30.9
2018Floor2.csv,2,2018,z2_S1(RH%),61.62741545893719,0,2368,0.0,49.6,62.47,80.69
2018Floor2.csv,2,2018,z2_S1(lux),61.62741545893719,0,139,21.45078502415459,0.0,0.0,138.0
2018Floor2.csv,2,2018,z3_Light(kW),0.16493055555555555,0,220,0.00037741545893719806,0.0,0.41,12.0
2018Floor2.csv,2,2018,z3_Plug(kW),0.16493055555555555,0,332,0.0,0.03,0.31,3.94
2018Floor2.csv,2,2018,z3_S1(degC),61.2956672705314,0,442,0.0,25.88,29.15,30.9
2018Floor2.csv,2,2018,z3_S1(RH%),61.2956672705314,0,2177,0.0,49.95,62.52,75.49
2018Floor2.csv,2,2018,z3_S1(lux),61.2956672705314,0,13,17.947237318840582,0.0,1.0,12.0
2018Floor2.csv,2,2018,z4_AC1(kW),0.20342693236714976,0,938,71.80517814009661,0.0,0.0,54.32
2018Floor2.csv,2,2018,z4_Light(kW),0.16606280193236714,0,268,60.26985205314009,0.0,0.0,2.67
2018Floor2.csv,2,2018,z4_Plug(kW),0.16568538647342995,0,1,99.83431461352656,0.0,0.0,0.0
2018Floor2.csv,2,2018,z4_S1(degC),100.0,0,0,0.0,,,
2018Floor2.csv,2,2018,z4_S1(RH%),100.0,0,0,0.0,,,
2018Floor2.csv,2,2018,z4_S1(lux),100.0,0,0,0.0,,,
2018Floor3.csv,3,2018,z1_AC1(kW),25.29778079710145,0,46,74.4927536231884,0.0,0.0,2.35
2018Floor3.csv,3,2018,z1_AC2(kW),25.29778079710145,0,98,74.47463768115942,0.0,0.0,2.87
2018Floor3.csv,3,2018,z1_AC3(kW),25.29778079710145,0,106,74.37198067632849,0.0,0.0,2.2
2018Floor3.csv,3,2018,z1_AC4(kW),22.504151570048307,0,1814,0.010945048309178744,0.0,0.07,55.95
2018Floor3.csv,3,2018,z1_Light(kW),22.359224033816425,0,712,42.17768719806763,0.0,0.0,162.24
2018Floor3.csv,3,2018,z1_Plug(kW),22.334692028985508,0,250,0.012454710144927536,0.0,0.04,35.45
2018Floor3.csv,3,2018,z1_S1(degC),61.752717391304344,0,740,0.0,22.4,27.76,30.9
2018Floor3.csv,3,2018,z1_S1(RH%),61.752717391304344,0,1979,0.0,48.57,57.19,73.35
2018Floor3.csv,3,2018,z1_S1(lux),61.752717391304344,0,58,18.873414855072465,0.0,1.0,57.0
2018Floor3.csv,3,2018,z2_AC1(kW),22.502264492753625,0,1742,61.59722222222223,0.0,0.0,59.07
2018Floor3.csv,3,2018,z2_Light(kW),22.446407004830917,0,800,41.55608393719807,0.0,0.0,236.16
2018Floor3.csv,3,2018,z2_Plug(kW),22.33016304347826,0,322,0.24305555555555555,0.0,0.04,21.42
2018Floor3.csv,3,2018,z2_S1(degC),61.5432518115942,0,698,0.0,22.1,27.36,29.99
2018Floor3.csv,3,2018,z2_S1(RH%),61.5432518115942,0,1955,0.0,48.11,58.64,70.0
2018Floor3.csv,3,2018,z2_S1(lux),61.5432518115942,0,86,21.52324879227053,0.0,0.0,85.0
2018Floor3.csv,3,2018,z3_Light(kW),22.34639190821256,0,257,0.24833937198067632,0.0,0.24,7.73
2018Floor3.csv,3,2018,z3_Plug(kW),22.34903381642512,0,143,0.8435235507246376,0.0,0.39,5.69
2018Floor3.csv,3,2018,z4_AC1(kW),22.503774154589372,0,2236,61.87273550724638,0.0,0.0,52.19
2018Floor3.csv,3,2018,z4_Light(kW),22.553592995169083,0,476,41.762530193236714,0.0,0.0,19.45
2018Floor3.csv,3,2018,z4_Plug(kW),22.437349033816425,0,233,0.06717995169082126,0.0,0.02,5.08
2018Floor3.csv,3,2018,z4_S1(degC),62.08899456521739,0,881,0.0,20.24,26.93,29.9
2018Floor3.csv,3,2018,z4_S1(RH%),62.08899456521739,0,1849,0.0,52.29,62.1,73.56
2018Floor3.csv,3,2018,z4_S1(lux),62.08899456521739,0,53,22.052007850241544,0.0,0.0,52.0
2018Floor3.csv,3,2018,z5_AC1(kW),22.503774154589372,0,1543,61.7836654589372,0.0,0.0,49.77
2018Floor3.csv,3,2018,z5_Light(kW),22.553592995169083,0,434,51.23301630434782,0.0,0.0,32.97
2018Floor3.csv,3,2018,z5_Plug(kW),22.352807971014492,0,200,0.10076992753623187,0.0,0.04,2.91
2018Floor3.csv,3,2018,z5_S1(degC),73.49033816425121,0,839,0.0,19.57,26.22,29.9
2018Floor3.csv,3,2018,z5_S1(RH%),73.49033816425121,0,2069,0.0,52.56,67.92,77.9
2018Floor3.csv,3,2018,z5_S1(lux),73.49033816425121,0,45,14.693916062801932,0.0,0.0,44.0
2018Floor4.csv,4,2018,z1_AC1(kW),13.061594202898553,0,20,86.91123188405797,0.0,0.0,22.29
2018Floor4.csv,4,2018,z1_AC2(kW),13.061594202898553,0,275,85.00868055555556,0.0,0.0,20.28
2018Floor4.csv,4,2018,z1_AC3(kW),13.061594202898553,0,26,86.90217391304348,0.0,0.0,9.91
2018Floor4.csv,4,2018,z1_AC4(kW),12.898173309178743,0,2269,68.78170289855072,0.0,0.0,49.22
2018Floor4.csv,4,2018,z1_Light(kW),18.897192028985508,0,871,32.02709842995169,0.0,0.01,63.11
2018Floor4.csv,4,2018,z1_Plug(kW),12.608695652173912,0,631,0.00037741545893719806,0.0,0.4,87.11
2018Floor4.csv,4,2018,z1_S1(degC),62.29846014492754,0,813,0.0,21.69,27.98,30.9
2018Floor4.csv,4,2018,z1_S1(RH%),62.29846014492754,0,1862,0.0,47.76,59.61,69.4
2018Floor4.csv,4,2018,z1_S1(lux),62.29846014492754,0,55,17.42980072463768,0.0,2.0,54.0
2018Floor4.csv,4,2018,z2_AC1(kW),12.89590881642512,0,2765,69.17081823671496,0.0,0.0,44.35
2018Floor4.csv,4,2018,z2_Light(kW),18.897192028985508,0,591,45.87937801932367,0.0,0.0,32.59
2018Floor4.csv,4,2018,z2_Plug(kW),18.897192028985508,0,228,0.05434782608695652,0.0,0.22,4.77
2018Floor4.csv,4,2018,z2_S1(degC),61.95123792270532,0,745,0.0,21.1,27.13,29.9
2018Floor4.csv,4,2018,z2_S1(RH%),61.95123792270532,0,1822,0.0,53.37,63.57,75.7
2018Floor4.csv,4,2018,z2_S1(lux),61.95123792270532,0,65,19.852807971014492,0.0,0.0,64.0
2018Floor4.csv,4,2018,z3_Light(kW),12.613979468599034,0,258,0.0037741545893719805,0.0,0.31,8.55
2018Floor4.csv,4,2018,z3_Plug(kW),12.6105827294686,0,133,0.014341787439613526,0.0,0.37,3.14
2018Floor4.csv,4,2018,z4_AC1(kW),12.896286231884059,0,2198,68.10046799516908,0.0,0.0,51.45
2018Floor4.csv,4,2018,z4_Light(kW),13.090655193236714,0,719,38.91757246376812,0.0,0.91,26.7
2018Floor4.csv,4,2018,z4_Plug(kW),12.919308574879226,0,371,0.008303140096618358,0.0,0.11,9.52
2018Floor4.csv,4,2018,z4_S1(degC),63.71641002415459,0,958,0.0,19.92,27.6,30.9
2018Floor4.csv,4,2018,z4_S1(RH%),63.71641002415459,0,1958,0.0,48.52,60.14,71.95
2018Floor4.csv,4,2018,z4_S1(lux),63.71641002415459,0,83,16.41606280193237,0.0,6.0,82.0
2018Floor4.csv,4,2018,z5_AC1(kW),12.894776570048307,0,1720,68.86624396135265,0.0,0.0,54.58
2018Floor4.csv,4,2018,z5_Light(kW),13.090655193236714,0,468,47.7211654589372,0.0,0.0,58.61
2018Floor4.csv,4,2018,z5_Plug(kW),12.610205314009661,0,207,0.0018870772946859903,0.0,0.16,3.14
2018Floor4.csv,4,2018,z5_S1(degC),63.3299365942029,0,618,0.0,22.48,26.84,29.9
2018Floor4.csv,4,2018,z5_S1(RH%),63.3299365942029,0,2039,0.0,44.91,64.12,73.9
2018Floor4.csv,4,2018,z5_S1(lux),63.3299365942029,0,61,23.407306763285025,0.0,0.0,60.0
2018Floor5.csv,5,2018,z1_AC1(kW),2.6120923913043477,0,39,97.27921195652173,0.0,0.0,1.22
2018Floor5.csv,5,2018,z1_AC2(kW),2.6120923913043477,0,167,95.64877717391305,0.0,0.0,1.9
2018Floor5.csv,5,2018,z1_AC3(kW),2.6120923913043477,0,200,96.33567330917874,0.0,0.0,3.01
2018Floor5.csv,5,2018,z1_AC4(kW),3.3929649758454103,0,2251,76.5228713768116,0.0,0.0,59.44
2018Floor5.csv,5,2018,z1_Light(kW),2.770606884057971,0,1016,53.89492753623188,0.0,0.0,76.78
2018Floor5.csv,5,2018,z1_Plug(kW),2.5011322463768115,0,447,0.08756038647342995,0.0,0.26,97.08
2018Floor5.csv,5,2018,z1_S1(degC),61.49494263285025,0,1375,0.0,15.3,26.95,30.9
2018Floor5.csv,5,2018,z1_S1(RH%),61.49494263285025,0,2133,0.0,56.36,65.79,82.87
2018Floor5.csv,5,2018,z1_S1(lux),61.49494263285025,0,69,23.06461352657005,0.0,0.0,68.0
2018Floor5.csv,5,2018,z2_AC1(kW),3.3891908212560384,0,2263,76.60590277777779,0.0,0.0,58.17
2018Floor5.csv,5,2018,z2_Light(kW),3.0804649758454103,0,744,57.18070652173913,0.0,0.0,55.99
2018Floor5.csv,5,2018,z2_Plug(kW),3.0804649758454103,0,178,9.00437801932367,0.0,0.03,5.43
2018Floor5.csv,5,2018,z2_S1(degC),62.01879528985508,0,743,0.0,21.1,26.96,29.9
2018Floor5.csv,5,2018,z2_S1(RH%),62.01879528985508,0,1741,0.0,50.96,64.24,72.0
2018Floor5.csv,5,2018,z2_S1(lux),62.01879528985508,0,50,24.19874698067633,0.0,0.0,49.0
2018Floor5.csv,5,2018,z3_Light(kW),2.551328502415459,0,184,0.06604770531400966,0.0,0.14,2.97
2018Floor5.csv,5,2018,z3_Plug(kW),2.4003623188405796,0,45,0.03245772946859903,0.0,0.26,0.8
2018Floor5.csv,5,2018,z4_AC1(kW),3.3808876811594204,0,2981,76.52211654589371,0.0,0.0,56.51
2018Floor5.csv,5,2018,z4_Light(kW),3.7775513285024154,0,586,50.10303442028986,0.0,0.0,27.91
2018Floor5.csv,5,2018,z4_Plug(kW),2.399230072463768,0,487,0.1792723429951691,0.0,0.29,16.33
2018Floor5.csv,5,2018,z4_S1(degC),60.14379528985507,0,961,0.0,20.11,27.28,30.9
2018Floor5.csv,5,2018,z4_S1(RH%),60.14379528985507,0,1647,0.0,52.1,65.25,72.8
2018Floor5.csv,5,2018,z4_S1(lux),60.14379528985507,0,80,19.97848731884058,0.0,0.0,79.0
2018Floor5.csv,5,2018,z5_AC1(kW),3.382774758454106,0,1689,76.35190217391305,0.0,0.0,49.72
2018Floor5.csv,5,2018,z5_Light(kW),3.7775513285024154,0,490,53.952294685990346,0.0,0.0,22.55
2018Floor5.csv,5,2018,z5_Plug(kW),3.494489734299517,0,128,20.69746376811594,0.0,0.01,2.72
2018Floor5.csv,5,2018,z5_S1(degC),60.426479468599034,0,643,0.0,22.93,27.56,29.98
2018Floor5.csv,5,2018,z5_S1(RH%),60.426479468599034,0,1781,0.0,52.54,65.6,75.8
2018Floor5.csv,5,2018,z5_S1(lux),60.426479468599034,0,41,0.4902626811594203,0.0,1.0,40.0
2018Floor6.csv,6,2018,z1_AC1(kW),0.1785175120772947,0,1501,78.912288647343,0.0,0.0,50.99
2018Floor6.csv,6,2018,z1_Light(kW),0.18946256038647344,0,491,56.03223128019324,0.0,0.0,18.35
2018Floor6.csv,6,2018,z1_Plug(kW),0.20078502415458938,0,315,0.01358695652173913,0.0,0.28,6.1
2018Floor6.csv,6,2018,z1_S1(degC),61.83499396135266,0,803,0.0,22.55,27.43,31.9
2018Floor6.csv,6,2018,z1_S1(RH%),61.83499396135266,0,2383,0.0,46.85,61.53,74.9
2018Floor6.csv,6,2018,z1_S1(lux),61.83499396135266,0,60,18.854921497584538,0.0,1.0,59.0
2018Floor6.csv,6,2018,z2_AC1(kW),0.17889492753623187,0,2046,77.63926630434783,0.0,0.0,58.41
2018Floor6.csv,6,2018,z2_Light(kW),0.18946256038647344,0,898,0.14643719806763283,0.0,1.38,32.48
2018Floor6.csv,6,2018,z2_Plug(kW),0.16379830917874397,0,331,0.15398550724637683,0.0,0.15,9.39
2018Floor6.csv,6,2018,z2_S1(degC),60.96240942028985,0,865,0.0,21.71,26.74,32.7
2018Floor6.csv,6,2018,z2_S1(RH%),60.96240942028985,0,2213,0.0,49.63,63.55,74.2
2018Floor6.csv,6,2018,z2_S1(lux),60.96240942028985,0,65,19.476524758454104,0.0,1.0,64.0
2018Floor6.csv,6,2018,z3_Light(kW),0.16342089371980678,0,488,0.019248188405797104,0.0,1.0,8.36
2018Floor6.csv,6,2018,z3_Plug(kW),0.16644021739130435,0,135,0.5495169082125604,0.0,0.26,10.75
2018Floor6.csv,6,2018,z4_AC1(kW),0.8355978260869565,0,78,98.7428291062802,0.0,0.0,1.71
2018Floor6.csv,6,2018,z4_AC2(kW),0.8355978260869565,0,309,95.7944595410628,0.0,0.0,11.56
2018Floor6.csv,6,2018,z4_AC3(kW),0.8355978260869565,0,67,98.12047101449275,0.0,0.0,5.98
2018Floor6.csv,6,2018,z4_AC4(kW),0.1785175120772947,0,3311,78.91191123188406,0.0,0.0,49.35
2018Floor6.csv,6,2018,z4_Light(kW),0.5314009661835749,0,844,53.81038647342995,0.0,0.0,22.99
2018Floor6.csv,6,2018,z4_Plug(kW),0.16719504830917875,0,435,0.24682971014492755,0.0,0.09,8.01
2018Floor6.csv,6,2018,z4_S1(degC),60.887303743961354,0,1032,0.0,19.51,26.74,30.92
2018Floor6.csv,6,2018,z4_S1(RH%),60.887303743961354,0,2005,0.0,49.37,64.82,75.9
2018Floor6.csv,6,2018,z4_S1(lux),60.887303743961354,0,51,21.319067028985508,0.0,0.0,50.0
2018Floor6.csv,6,2018,z5_AC1(kW),0.1785175120772947,0,1787,78.91040157004831,0.0,0.0,46.68
2018Floor6.csv,6,2018,z5_Light(kW),0.6212258454106281,0,551,55.26947463768116,0.0,0.0,13.53
2018Floor6.csv,6,2018,z5_Plug(kW),0.5314009661835749,0,260,0.12303743961352656,0.0,0.06,3.68
2018Floor6.csv,6,2018,z5_S1(degC),61.391530797101446,0,775,0.0,21.7,27.54,30.9
2018Floor6.csv,6,2018,z5_S1(RH%),61.391530797101446,0,2123,0.0,50.63,64.54,75.9
2018Floor6.csv,6,2018,z5_S1(lux),61.391530797101446,0,74,19.27649456521739,0.0,1.0,73.0
2018Floor7.csv,7,2018,z1_AC1(kW),0.16455314009661837,0,1,99.83544685990337,0.0,0.0,0.0
2018Floor7.csv,7,2018,z1_AC2(kW),0.16455314009661837,0,148,44.70712560386473,0.0,0.01,2.51
2018Floor7.csv,7,2018,z1_AC3(kW),0.16455314009661837,0,101,5.06604770531401,0.0,0.02,1.28
2018Floor7.csv,7,2018,z1_AC4(kW),0.18870772946859904,0,2513,72.59208937198068,0.0,0.0,49.99
2018Floor7.csv,7,2018,z1_Light(kW),0.17134661835748793,0,356,49.78223128019324,0.0,0.01,3.55
2018Floor7.csv,7,2018,z1_Plug(kW),0.16304347826086957,0,231,0.024154589371980676,0.0,0.07,2.83
2018Floor7.csv,7,2018,z1_S1(degC),61.794610507246375,0,1166,0.0,18.15,27.49,32.3
2018Floor7.csv,7,2018,z1_S1(RH%),61.794610507246375,0,2244,0.0,47.29,62.9,78.9
2018Floor7.csv,7,2018,z1_S1(lux),61.81612318840579,0,70,17.30902777777778,0.0,1.0,69.0
2018Floor7.csv,7,2018,z2_AC1(kW),0.18833031400966183,0,1692,76.8323520531401,0.0,0.0,57.77
2018Floor7.csv,7,2018,z2_Light(kW),0.17134661835748793,0,357,50.68463164251208,0.0,0.0,3.7
2018Floor7.csv,7,2018,z2_Plug(kW),0.17134661835748793,0,96,50.76011473429952,0.0,0.0,1.02
2018Floor7.csv,7,2018,z2_S1(degC),60.423082729468604,0,1028,0.0,19.57,27.39,31.9
2018Floor7.csv,7,2018,z2_S1(RH%),60.423082729468604,0,2129,0.0,52.52,62.9,82.87
2018Floor7.csv,7,2018,z2_S1(lux),60.423082729468604,0,50,22.24562198067633,0.0,0.0,49.0
2018Floor7.csv,7,2018,z3_Light(kW),0.16304347826086957,0,74,0.015474033816425122,0.0,0.17,0.79
2018Floor7.csv,7,2018,z3_Plug(kW),0.16304347826086957,0,36,0.00037741545893719806,0.0,0.18,0.36
2018Floor7.csv,7,2018,z4_AC1(kW),0.18833031400966183,0,2426,77.41734601449275,0.0,0.0,53.89
2018Floor7.csv,7,2018,z4_Light(kW),0.16379830917874397,0,573,0.00037741545893719806,0.0,1.07,6.08
2018Floor7.csv,7,2018,z4_Plug(kW),0.16455314009661837,0,247,29.409344806763283,0.0,0.03,2.97
2018Floor7.csv,7,2018,z4_S1(degC),60.63443538647343,0,1131,0.0,19.86,27.96,32.9
2018Floor7.csv,7,2018,z4_S1(RH%),60.63443538647343,0,2801,0.0,47.35,63.52,80.9
2018Floor7.csv,7,2018,z4_S1(lux),60.63443538647343,0,99,19.139492753623188,0.0,2.0,99.0
2018Floor7.csv,7,2018,z5_AC1(kW),0.18833031400966183,0,1917,74.71505132850241,0.0,0.0,53.34
2018Floor7.csv,7,2018,z5_Light(kW),0.16417572463768115,0,528,53.337484903381636,0.0,0.0,5.71
2018Floor7.csv,7,2018,z5_Plug(kW),0.16455314009661837,0,190,41.484375,0.0,0.03,2.17
2018Floor7.csv,7,2018,z5_S1(degC),61.84593900966183,0,780,0.0,22.72,28.5,31.9
2018Floor7.csv,7,2018,z5_S1(RH%),61.84593900966183,0,2534,0.0,45.9,63.31,75.7
2018Floor7.csv,7,2018,z5_S1(lux),61.84593900966183,0,75,21.261699879227052,0.0,0.0,74.0
2019Floor1.csv,1,2019,z1_Light(kW),0.1769406392694064,0,3082,12.320205479452055,0.0,0.02,60.93
2019Floor1.csv,1,2019,z1_Plug(kW),0.11700913242009131,0,1903,5.528729071537291,0.0,0.68,28.82
2019Floor1.csv,1,2019,z2_AC1(kW),0.15429984779299846,0,5888,0.016933028919330288,0.0,44.08,104.48
2019Floor1.csv,1,2019,z2_AC2(kW),0.14231354642313546,0,4336,0.14136225266362254,0.0,0.03,79.47
2019Floor1.csv,1,2019,z2_AC3(kW),0.14250380517503805,0,3,23.618911719939117,0.0,0.01,0.02
2019Floor1.csv,1,2019,z2_AC4(kW),0.14250380517503805,0,6,47.25076103500761,0.0,0.01,0.05
2019Floor1.csv,1,2019,z2_Light(kW),0.11605783866057838,0,2361,0.0001902587519025875,0.0,7.42,37.18
2019Floor1.csv,1,2019,z2_Plug(kW),0.13203957382039574,0,3851,0.0,0.96,14.52,73.68
2019Floor1.csv,1,2019,z3_Light(kW),0.11396499238964992,0,6212,0.0,0.01,18.19,105.67
2019Floor1.csv,1,2019,z3_Plug(kW),0.14231354642313546,0,716,0.003614916286149163,0.0,0.99,15.72
2019Floor1.csv,1,2019,z4_Light(kW),0.11643835616438356,0,5561,0.015410958904109588,0.0,14.54,66.48
2019Floor2.csv,2,2019,z1_AC1(kW),5.663622526636225,0,3908,66.01959665144597,0.0,0.0,54.51
2019Floor2.csv,2,2019,z1_Light(kW),0.1204337899543379,0,1002,0.17161339421613395,0.0,0.01,22.38
2019Floor2.csv,2,2019,z1_Plug(kW),0.12100456621004566,0,474,0.004375951293759513,0.0,0.36,9.82
2019Floor2.csv,2,2019,z1_S1(degC),21.234398782343987,0,1248,0.0,17.56,25.1,31.9
2019Floor2.csv,2,2019,z1_S1(RH%),21.234398782343987,0,2587,0.0,45.5,62.9,76.9
2019Floor2.csv,2,2019,z1_S1(lux),21.234398782343987,0,93,41.10654490106545,0.0,0.0,92.0
2019Floor2.csv,2,2019,z2_AC1(kW),5.686834094368341,0,3006,0.627283105022831,0.0,1.11,50.46
2019Floor2.csv,2,2019,z2_AC2(kW),0.4107686453576865,0,169,23.99029680365297,0.0,0.25,2.43
2019Floor2.csv,2,2019,z2_AC3(kW),0.4107686453576865,0,148,52.10197869101979,0.0,0.0,2.08
2019Floor2.csv,2,2019,z2_AC4(kW),0.4107686453576865,0,148,52.09703196347032,0.0,0.0,2.04
2019Floor2.csv,2,2019,z2_AC5(kW),0.12385844748858446,0,183,24.185882800608827,0.0,1.32,1.82
2019Floor2.csv,2,2019,z2_AC6(kW),0.12385844748858446,0,169,0.015601217656012177,0.0,0.24,1.7
2019Floor2.csv,2,2019,z2_AC7(kW),0.12385844748858446,0,132,27.570395738203956,0.0,0.88,1.31
2019Floor2.csv,2,2019,z2_AC8(kW),0.12385844748858446,0,129,60.688546423135456,0.0,0.0,1.29
2019Floor2.csv,2,2019,z2_AC9(kW),0.12385844748858446,0,146,27.567161339421613,0.0,0.98,2.4
2019Floor2.csv,2,2019,z2_AC10(kW),0.12385844748858446,0,146,60.683599695586,0.0,0.0,1.45
2019Floor2.csv,2,2019,z2_AC11(kW),0.12385844748858446,0,1,99.87614155251141,0.0,0.0,0.0
2019Floor2.csv,2,2019,z2_AC12(kW),0.12385844748858446,0,103,99.27530441400305,0.0,0.0,1.44
2019Floor2.csv,2,2019,z2_AC13(kW),0.12385844748858446,0,213,92.12785388127854,0.0,0.0,2.13
2019Floor2.csv,2,2019,z2_AC14(kW),0.12385844748858446,0,71,99.6324200913242,0.0,0.0,1.55
2019Floor2.csv,2,2019,z2_Light(kW),0.1400304414003044,0,342,63.6617199391172,0.0,0.0,11.51
2019Floor2.csv,2,2019,z2_Plug(kW),0.14897260273972604,0,205,0.3087899543378995,0.0,0.07,8.08
2019Floor2.csv,2,2019,z2_S1(degC),18.459094368340946,0,1151,0.0,18.36,25.55,31.9
2019Floor2.csv,2,2019,z2_S1(RH%),18.458523592085236,0,3813,0.0,41.81,65.0,88.96
2019Floor2.csv,2,2019,z2_S1(lux),18.458904109589042,0,73,51.971651445966515,0.0,0.0,72.0
2019Floor2.csv,2,2019,z3_Light(kW),0.12062404870624048,0,198,0.0009512937595129377,0.0,0.46,2.01
2019Floor2.csv,2,2019,z3_Plug(kW),0.1204337899543379,0,187,0.001141552511415525,0.0,0.26,12.63
2019Floor2.csv,2,2019,z3_S1(degC),19.48458904109589,0,850,0.0,22.51,27.36,32.14
2019Floor2.csv,2,2019,z3_S1(RH%),19.484398782343987,0,4518,0.0,33.1,66.4,86.8
2019Floor2.csv,2,2019,z3_S1(lux),19.4851598173516,0,17,33.78310502283105,0.0,2.0,16.0
2019Floor2.csv,2,2019,z4_AC1(kW),5.664383561643835,0,1125,70.07229832572298,0.0,0.0,55.33
2019Floor2.csv,2,2019,z4_Light(kW),0.4107686453576865,0,255,63.169520547945204,0.0,0.0,3.77
2019Floor2.csv,2,2019,z4_Plug(kW),0.14897260273972604,0,6,9.633942161339421,0.0,0.03,0.06
2019Floor2.csv,2,2019,z4_S1(degC),19.650875190258752,0,1351,0.0,16.1,24.5,31.9
2019Floor2.csv,2,2019,z4_S1(RH%),19.65049467275495,0,3699,0.0,44.57,73.85,89.81
2019Floor2.csv,2,2019,z4_S1(lux),19.651445966514462,0,61,47.87195585996955,0.0,0.0,88.0
2019Floor3.csv,3,2019,z1_AC1(kW),0.7416286149162861,0,69,98.95757229832573,0.0,0.0,2.08
2019Floor3.csv,3,2019,z1_AC2(kW),0.7416286149162861,0,308,98.22850076103501,0.0,0.0,5.42
2019Floor3.csv,3,2019,z1_AC3(kW),0.7416286149162861,0,140,98.43740487062405,0.0,0.0,2.26
2019Floor3.csv,3,2019,z1_AC4(kW),8.212138508371385,0,3443,58.44273211567732,0.0,0.0,54.03
2019Floor3.csv,3,2019,z1_Light(kW),0.11548706240487062,0,880,54.54718417047184,0.0,0.0,88.87
2019Floor3.csv,3,2019,z1_Plug(kW),0.10559360730593607,0,341,0.012937595129375952,0.0,0.09,28.8
2019Floor3.csv,3,2019,z1_S1(degC),24.44482496194825,0,1138,0.0,17.9,25.58,30.9
2019Floor3.csv,3,2019,z1_S1(RH%),24.445205479452053,0,2633,0.0,50.1,61.8,80.62
2019Floor3.csv,3,2019,z1_S1(lux),24.445776255707763,0,81,37.93930745814308,0.0,0.0,80.0
2019Floor3.csv,3,2019,z2_AC1(kW),8.21099695585997,0,2381,73.1474505327245,0.0,0.0,55.28
2019Floor3.csv,3,2019,z2_Light(kW),0.24257990867579907,0,865,54.109969558599694,0.0,0.0,25.94
2019Floor3.csv,3,2019,z2_Plug(kW),0.11149162861491628,0,336,0.0778158295281583,0.0,0.08,4.6
2019Floor3.csv,3,2019,z2_S1(degC),21.183028919330287,0,1026,0.0,18.92,25.29,30.9
2019Floor3.csv,3,2019,z2_S1(RH%),21.1837899543379,0,2901,0.0,45.71,61.45,79.7
2019Floor3.csv,3,2019,z2_S1(lux),21.18321917808219,0,91,45.590563165905635,0.0,0.0,90.0
2019Floor3.csv,3,2019,z3_Light(kW),0.1050228310502283,0,260,0.035197869101978696,0.0,0.22,46.97
2019Floor3.csv,3,2019,z3_Plug(kW),0.11168188736681887,0,230,0.04204718417047184,0.0,0.45,27.24
2019Floor3.csv,3,2019,z4_AC1(kW),8.209665144596652,0,2909,73.50285388127854,0.0,0.0,55.76
2019Floor3.csv,3,2019,z4_Light(kW),0.82058599695586,0,547,53.47926179604262,0.0,0.0,186.08
2019Floor3.csv,3,2019,z4_Plug(kW),0.3521689497716895,0,320,0.2547564687975647,0.0,0.04,51.16
2019Floor3.csv,3,2019,z4_S1(degC),19.763508371385083,0,1323,0.0,15.73,23.9,30.9
2019Floor3.csv,3,2019,z4_S1(RH%),19.763508371385083,0,3168,0.0,49.18,68.99,88.29
2019Floor3.csv,3,2019,z4_S1(lux),19.763318112633183,0,56,49.150494672754945,0.0,0.0,55.0
2019Floor3.csv,3,2019,z5_AC1(kW),8.20890410958904,0,1917,73.44558599695587,0.0,0.0,56.66
2019Floor3.csv,3,2019,z5_Light(kW),0.82058599695586,0,514,64.40087519025876,0.0,0.0,172.32
2019Floor3.csv,3,2019,z5_Plug(kW),0.11510654490106545,0,277,0.341324200913242,0.0,0.05,68.75
2019Floor3.csv,3,2019,z5_S1(degC),29.049467275494674,0,1123,0.0,17.91,23.69,30.9
2019Floor3.csv,3,2019,z5_S1(RH%),29.049467275494674,0,3648,0.0,46.14,72.49,93.67
2019Floor3.csv,3,2019,z5_S1(lux),29.049467275494674,0,73,38.23363774733638,0.0,0.0,77.0
2019Floor4.csv,4,2019,z1_AC1(kW),25.518074581430746,0,13,74.45072298325724,0.0,0.0,1.26
2019Floor4.csv,4,2019,z1_AC2(kW),25.518074581430746,0,314,72.46841704718418,0.0,0.0,4.92
2019Floor4.csv,4,2019,z1_AC3(kW),25.518074581430746,0,57,74.3896499238965,0.0,0.0,2.06
2019Floor4.csv,4,2019,z1_AC4(kW),0.9143835616438356,0,3341,78.45490867579909,0.0,0.0,51.69
2019Floor4.csv,4,2019,z1_Light(kW),6.2566590563165905,0,861,46.05517503805175,0.0,0.01,14.62
2019Floor4.csv,4,2019,z1_Plug(kW),0.11796042617960427,0,505,0.010273972602739727,0.0,0.38,6.15
2019Floor4.csv,4,2019,z1_S1(degC),18.90582191780822,0,1236,0.0,17.96,25.83,31.9
2019Floor4.csv,4,2019,z1_S1(RH%),18.90525114155251,0,2930,0.0,45.12,63.12,78.8
2019Floor4.csv,4,2019,z1_S1(lux),18.905441400304415,0,88,37.54661339421613,0.0,2.0,87.0
2019Floor4.csv,4,2019,z2_AC1(kW),0.916095890410959,0,2777,78.46137747336377,0.0,0.0,58.4
2019Floor4.csv,4,2019,z2_Light(kW),6.2566590563165905,0,455,53.535578386605785,0.0,0.0,6.27
2019Floor4.csv,4,2019,z2_Plug(kW),6.2566590563165905,0,220,0.03215372907153729,0.0,0.15,2.74
2019Floor4.csv,4,2019,z2_S1(degC),20.431506849315067,0,1115,0.0,17.59,24.66,30.6
2019Floor4.csv,4,2019,z2_S1(RH%),20.431506849315067,0,2562,0.0,50.7,66.98,81.11
2019Floor4.csv,4,2019,z2_S1(lux),20.431316590563167,0,86,39.51750380517504,0.0,1.0,85.0
2019Floor4.csv,4,2019,z3_Light(kW),0.1295662100456621,0,200,0.025304414003044142,0.0,0.26,3.08
2019Floor4.csv,4,2019,z3_Plug(kW),0.125,0,127,2.0154109589041096,0.0,0.42,2.26
2019Floor4.csv,4,2019,z4_AC1(kW),0.9157153729071537,0,3438,77.50589802130898,0.0,0.0,51.75
2019Floor4.csv,4,2019,z4_Light(kW),0.298896499238965,0,529,46.468607305936075,0.0,0.89,12.69
2019Floor4.csv,4,2019,z4_Plug(kW),0.15468036529680365,0,301,0.009322678843226788,0.0,0.11,5.28
2019Floor4.csv,4,2019,z4_S1(degC),35.07800608828006,0,1341,0.0,16.19,24.74,30.99
2019Floor4.csv,4,2019,z4_S1(RH%),35.07800608828006,0,2917,0.0,47.92,64.5,85.3
2019Floor4.csv,4,2019,z4_S1(lux),35.07800608828006,0,107,29.478500761035008,0.0,5.0,111.0
2019Floor4.csv,4,2019,z5_AC1(kW),0.9140030441400304,0,2023,77.7273592085236,0.0,0.0,56.46
2019Floor4.csv,4,2019,z5_Light(kW),0.298896499238965,0,332,56.667808219178085,0.0,0.0,6.38
2019Floor4.csv,4,2019,z5_Plug(kW),0.1189117199391172,0,218,0.0197869101978691,0.0,0.16,2.58
2019Floor4.csv,4,2019,z5_S1(degC),19.01902587519026,0,1032,0.0,19.1,24.36,30.9
2019Floor4.csv,4,2019,z5_S1(RH%),19.01921613394216,0,3094,0.0,47.67,68.89,84.81
2019Floor4.csv,4,2019,z5_S1(lux),19.01921613394216,0,88,49.208523592085236,0.0,0.0,87.0
2019Floor5.csv,5,2019,z1_AC1(kW),1.2714992389649924,0,30,98.69254185692542,0.0,0.0,1.2
2019Floor5.csv,5,2019,z1_AC2(kW),1.2714992389649924,0,124,98.43626331811264,0.0,0.0,1.95
2019Floor5.csv,5,2019,z1_AC3(kW),1.2714992389649924,0,302,97.37747336377474,0.0,0.0,3.2
2019Floor5.csv,5,2019,z1_AC4(kW),5.732686453576864,0,3130,74.92579908675799,0.0,0.0,58.76
2019Floor5.csv,5,2019,z1_Light(kW),0.14041095890410957,0,833,55.49524353120243,0.0,0.0,15.83
2019Floor5.csv,5,2019,z1_Plug(kW),0.11681887366818873,0,404,0.0045662100456621,0.0,0.25,5.55
2019Floor5.csv,5,2019,z1_S1(degC),31.694254185692543,0,1804,0.0,10.83,24.65,30.9
2019Floor5.csv,5,2019,z1_S1(RH%),31.694254185692543,0,3810,0.0,46.55,69.69,91.74
2019Floor5.csv,5,2019,z1_S1(lux),31.694254185692543,0,68,33.653158295281585,0.0,1.0,67.0
2019Floor5.csv,5,2019,z2_AC1(kW),5.719748858447488,0,2740,74.92256468797565,0.0,0.0,57.43
2019Floor5.csv,5,2019,z2_Light(kW),4.057838660578387,0,626,53.58009893455099,0.0,0.0,14.32
2019Floor5.csv,5,2019,z2_Plug(kW),4.057838660578387,0,144,2.450532724505327,0.0,0.03,1.94
2019Floor5.csv,5,2019,z2_S1(degC),42.574771689497716,0,1037,0.0,18.63,24.81,30.5
2019Floor5.csv,5,2019,z2_S1(RH%),42.574771689497716,0,3307,0.0,43.73,66.26,81.9
2019Floor5.csv,5,2019,z2_S1(lux),42.574771689497716,0,47,34.03329528158295,0.0,0.0,47.0
2019Floor5.csv,5,2019,z3_Light(kW),0.40220700152207006,0,196,0.03843226788432268,0.0,0.16,3.16
2019Floor5.csv,5,2019,z3_Plug(kW),0.15334855403348555,0,57,0.3548325722983257,0.0,0.28,0.85
2019Floor5.csv,5,2019,z4_AC1(kW),5.6927321156773205,0,3543,74.9263698630137,0.0,0.0,58.33
2019Floor5.csv,5,2019,z4_Light(kW),1.4187595129375952,0,556,49.671993911719944,0.0,0.0,26.61
2019Floor5.csv,5,2019,z4_Plug(kW),0.1476407914764079,0,449,0.049086757990867584,0.0,0.37,12.56
2019Floor5.csv,5,2019,z4_S1(degC),25.42713089802131,0,1110,0.0,17.51,24.29,29.99
2019Floor5.csv,5,2019,z4_S1(RH%),25.427321156773214,0,2961,0.0,48.86,70.51,81.98
2019Floor5.csv,5,2019,z4_S1(lux),25.426940639269407,0,63,37.74315068493151,0.0,0.0,62.0
2019Floor5.csv,5,2019,z5_AC1(kW),5.712328767123288,0,1945,74.5224505327245,0.0,0.0,56.24
2019Floor5.csv,5,2019,z5_Light(kW),1.420281582952816,0,454,56.041666666666664,0.0,0.0,21.14
2019Floor5.csv,5,2019,z5_Plug(kW),0.4864916286149163,0,146,18.263698630136986,0.0,0.02,3.41
2019Floor5.csv,5,2019,z5_S1(degC),20.21917808219178,0,1002,0.0,19.22,25.23,30.9
2019Floor5.csv,5,2019,z5_S1(RH%),20.21898782343988,0,2580,0.0,48.89,69.56,83.41
2019Floor5.csv,5,2019,z5_S1(lux),20.218797564687975,0,55,1.6046423135464232,0.0,1.0,54.0
2019Floor6.csv,6,2019,z1_AC1(kW),0.14357484870417214,0,2661,78.92019454509877,0.0,0.0,51.33
2019Floor6.csv,6,2019,z1_Light(kW),0.15182627679061883,0,451,53.958445808156654,0.0,0.0,7.33
2019Floor6.csv,6,2019,z1_Plug(kW),0.1659715820816703,0,286,0.008958693350999249,0.0,0.28,3.27
2019Floor6.csv,6,2019,z1_S1(degC),25.653925675850896,0,1174,0.0,18.38,25.54,32.9
2019Floor6.csv,6,2019,z1_S1(RH%),25.654161430939084,0,3667,0.0,44.75,65.34,86.9
2019Floor6.csv,6,2019,z1_S1(lux),25.65463294111545,0,63,33.94472486202433,0.0,2.0,85.0
2019Floor6.csv,6,2019,z2_AC1(kW),0.14168880799869862,0,2287,76.89859466391933,0.0,0.0,53.39
2019Floor6.csv,6,2019,z2_Light(kW),0.15182627679061883,0,851,0.07709191383623037,0.0,1.33,11.25
2019Floor6.csv,6,2019,z2_Plug(kW),0.14145305291051444,0,223,0.017917386701998498,0.0,0.2,2.78
2019Floor6.csv,6,2019,z2_S1(degC),30.5019933092706,0,1207,0.0,18.15,25.38,31.9
2019Floor6.csv,6,2019,z2_S1(RH%),30.5019933092706,0,3395,0.0,46.89,62.27,85.9
2019Floor6.csv,6,2019,z2_S1(lux),30.5019933092706,0,78,31.968389957776267,0.0,1.0,78.0
2019Floor6.csv,6,2019,z3_Light(kW),0.1393312571168567,0,291,0.005422367028236386,0.0,0.93,3.33
2019Floor6.csv,6,2019,z3_Plug(kW),0.1405100325577777,0,27,0.016738611261077542,0.0,0.29,0.56
2019Floor6.csv,6,2019,z4_AC1(kW),0.168093377875328,0,105,99.33446338605603,0.0,0.0,1.86
2019Floor6.csv,6,2019,z4_AC2(kW),0.168093377875328,0,346,97.85274265681839,0.0,0.0,3.78
2019Floor6.csv,6,2019,z4_AC3(kW),0.168093377875328,0,45,99.74632752511381,0.0,0.0,1.3
2019Floor6.csv,6,2019,z4_AC4(kW),0.14333909361598798,0,3305,78.95367176762093,0.0,0.0,59.55
2019Floor6.csv,6,2019,z4_Light(kW),0.1530050522315398,0,545,52.90556358432605,0.0,0.0,8.74
2019Floor6.csv,6,2019,z4_Plug(kW),0.13956701220504092,0,333,0.013673795114683062,0.0,0.13,3.8
2019Floor6.csv,6,2019,z4_S1(degC),22.8861609405685,0,1211,0.0,17.9,25.37,32.1
2019Floor6.csv,6,2019,z4_S1(RH%),22.885925185480318,0,2973,0.0,44.14,62.78,81.44
2019Floor6.csv,6,2019,z4_S1(lux),22.885925185480318,0,52,38.77298906803656,0.0,0.0,53.0
2019Floor6.csv,6,2019,z5_AC1(kW),0.14923297082059275,0,1988,78.95037119638634,0.0,0.0,47.77
2019Floor6.csv,6,2019,z5_Light(kW),0.24329925100608482,0,335,56.7181948704408,0.0,0.0,5.26
2019Floor6.csv,6,2019,z5_Plug(kW),0.1530050522315398,0,194,0.05422367028236387,0.0,0.08,2.14
2019Floor6.csv,6,2019,z5_S1(degC),23.650950446638014,0,1183,0.0,18.22,25.48,31.9
2019Floor6.csv,6,2019,z5_S1(RH%),23.652600732255305,0,2782,0.0,47.78,63.7,82.6
2019Floor6.csv,6,2019,z5_S1(lux),23.650950446638014,0,62,37.032173496884496,0.0,2.0,61.0
2019Floor7.csv,7,2019,z1_AC1(kW),0.8396118721461187,0,1,99.16038812785388,0.0,0.0,0.0
2019Floor7.csv,7,2019,z1_AC2(kW),0.8396118721461187,0,78,43.80441400304414,0.0,0.01,1.08
2019Floor7.csv,7,2019,z1_AC3(kW),0.8396118721461187,0,111,27.400684931506845,0.0,0.01,1.28
2019Floor7.csv,7,2019,z1_AC4(kW),5.667427701674277,0,3153,70.50932267884322,0.0,0.0,49.86
2019Floor7.csv,7,2019,z1_Light(kW),0.4840182648401826,0,396,51.39041095890411,0.0,0.0,5.72
2019Floor7.csv,7,2019,z1_Plug(kW),0.1478310502283105,0,238,0.3441780821917808,0.0,0.07,3.38
2019Floor7.csv,7,2019,z1_S1(degC),19.31107305936073,0,1574,0.0,15.66,24.92,33.9
2019Floor7.csv,7,2019,z1_S1(RH%),19.310692541856923,0,3838,0.0,39.85,68.38,86.23
2019Floor7.csv,7,2019,z1_S1(lux),19.310692541856923,0,68,37.70776255707762,0.0,1.0,67.0
2019Floor7.csv,7,2019,z2_AC1(kW),5.66837899543379,0,2360,71.15125570776256,0.0,0.0,58.13
2019Floor7.csv,7,2019,z2_Light(kW),0.4840182648401826,0,427,52.15734398782344,0.0,0.0,8.05
2019Floor7.csv,7,2019,z2_Plug(kW),0.550228310502283,0,127,16.437785388127853,0.0,0.01,1.37
2019Floor7.csv,7,2019,z2_S1(degC),19.19634703196347,0,1317,0.0,18.84,25.89,33.9
2019Floor7.csv,7,2019,z2_S1(RH%),19.196537290715373,0,3916,0.0,39.79,68.78,86.9
2019Floor7.csv,7,2019,z2_S1(lux),19.19710806697108,0,54,38.308789954337904,0.0,3.0,53.0
2019Floor7.csv,7,2019,z3_Light(kW),0.3356164383561644,0,76,0.11605783866057838,0.0,0.04,0.89
2019Floor7.csv,7,2019,z3_Plug(kW),0.6149162861491628,0,71,18.062024353120243,0.0,0.21,1.12
2019Floor7.csv,7,2019,z4_AC1(kW),5.664954337899544,0,2869,73.08447488584476,0.0,0.0,59.22
2019Floor7.csv,7,2019,z4_Light(kW),1.4122907153729072,0,637,12.987823439878236,0.0,0.9,12.35
2019Floor7.csv,7,2019,z4_Plug(kW),0.8396118721461187,0,311,0.0182648401826484,0.0,0.1,3.46
2019Floor7.csv,7,2019,z4_S1(degC),20.805745814307457,0,1548,0.0,17.53,26.33,35.73
2019Floor7.csv,7,2019,z4_S1(RH%),20.80593607305936,0,4303,0.0,37.62,66.48,88.6
2019Floor7.csv,7,2019,z4_S1(lux),20.806506849315067,0,74,40.209855403348556,0.0,0.0,73.0
2019Floor7.csv,7,2019,z5_AC1(kW),5.663812785388128,0,2078,73.01845509893455,0.0,0.0,47.84
2019Floor7.csv,7,2019,z5_Light(kW),0.778158295281583,0,684,54.527016742770165,0.0,0.0,13.09
2019Floor7.csv,7,2019,z5_Plug(kW),0.8396118721461187,0,198,36.0584094368341,0.0,0.03,2.12
2019Floor7.csv,7,2019,z5_S1(degC),22.431316590563167,0,1294,0.0,19.14,26.67,34.4
2019Floor7.csv,7,2019,z5_S1(RH%),22.431316590563167,0,4242,0.0,37.14,65.43,84.92
2019Floor7.csv,7,2019,z5_S1(lux),22.43150684931507,0,79,41.61358447488585,0.0,0.0,78.0
