year,floor,zone_id,expected_intervals,total_coverage,light_coverage,lux_coverage,has_lux,meter_count
2018,1,F1-z1,17664,98.89605978260869,98.89605978260869,0.0,False,2
2018,1,F1-z2,17664,87.17730978260869,99.02626811594203,0.0,False,6
2018,1,F1-z3,17664,98.90172101449275,99.50181159420289,0.0,False,2
2018,1,F1-z4,17664,99.50181159420289,99.50181159420289,0.0,False,1
2018,2,F2-z1,17664,99.73958333333334,99.8131793478261,32.461503623188406,True,3
2018,2,F2-z2,17664,99.50181159420289,99.80185688405797,32.60303442028986,True,16
2018,2,F2-z3,17664,99.8131793478261,99.8131793478261,32.653985507246375,True,2
2018,2,F2-z4,17664,99.36028079710145,99.80185688405797,0.0,True,3
2018,3,F3-z1,17664,72.52038043478261,77.56453804347827,31.799139492753625,True,6
2018,3,F3-z2,17664,77.38903985507247,77.42866847826086,32.421875,True,3
2018,3,F3-z3,17664,77.5305706521739,77.5588768115942,0.0,False,2
2018,3,F3-z4,17664,75.15285326086956,75.23777173913044,31.9236865942029,True,3
2018,3,F3-z5,17664,75.15851449275362,75.23777173913044,22.078804347826086,True,3
2018,4,F4-z1,17664,73.05819746376811,78.74207427536231,31.906702898550726,True,6
2018,4,F4-z2,17664,78.52128623188406,78.74207427536231,32.19542572463768,True,3
2018,4,F4-z3,17664,87.29053442028986,87.30185688405797,0.0,False,2
2018,4,F4-z4,17664,81.27264492753623,81.44248188405797,31.017889492753625,True,3
2018,4,F4-z5,17664,81.27264492753623,81.44248188405797,31.170742753623188,True,3
2018,5,F5-z1,17664,95.39741847826086,97.02785326086956,32.71059782608695,True,6
2018,5,F5-z2,17664,93.03102355072464,93.79528985507247,32.39356884057971,True,3
2018,5,F5-z3,17664,96.71648550724638,96.72214673913044,0.0,False,2
2018,5,F5-z4,17664,91.39492753623189,91.49116847826086,33.90511775362319,True,3
2018,5,F5-z5,17664,91.3666213768116,91.49116847826086,33.77490942028986,True,3
2018,6,F6-z1,17664,99.4225543478261,99.54144021739131,32.01426630434783,True,3
2018,6,F6-z2,17664,99.48482789855072,99.54144021739131,32.755887681159415,True,3
2018,6,F6-z3,17664,99.76788949275362,99.81884057971014,0.0,False,2
2018,6,F6-z4,17664,89.57201086956522,94.37273550724638,33.35031702898551,True,6
2018,6,F6-z5,17664,93.16689311594203,93.22350543478261,32.47282608695652,True,3
2018,7,F7-z1,17664,99.67730978260869,99.80751811594203,32.365262681159415,True,6
2018,7,F7-z2,17664,99.69429347826086,99.80751811594203,33.71263586956522,True,3
2018,7,F7-z3,17664,99.81884057971014,99.81884057971014,0.0,False,2
2018,7,F7-z4,17664,99.69429347826086,99.8131793478261,33.627717391304344,True,3
2018,7,F7-z5,17664,99.69995471014492,99.80185688405797,32.025588768115945,True,3
2019,1,F1-z1,35040,99.04680365296804,99.04680365296804,0.0,False,2
2019,1,F1-z2,35040,99.21518264840182,99.87157534246576,0.0,False,6
2019,1,F1-z3,35040,99.54052511415526,99.87442922374429,0.0,False,2
2019,1,F1-z4,35040,99.86872146118722,99.86872146118722,0.0,False,1
2019,2,F2-z1,35040,94.28367579908675,99.8601598173516,77.56563926940639,True,3
2019,2,F2-z2,35040,94.0582191780822,99.60901826484019,79.61187214611873,True,16
2019,2,F2-z3,35040,99.8601598173516,99.8601598173516,79.07534246575342,True,2
2019,2,F2-z4,35040,94.05251141552512,97.70833333333333,78.51598173515981,True,3
2019,3,F3-z1,35040,90.71917808219177,99.8087899543379,74.24372146118722,True,6
2019,3,F3-z2,35040,91.3670091324201,98.20205479452055,77.46575342465754,True,3
2019,3,F3-z3,35040,99.84018264840184,99.86301369863013,0.0,False,2
2019,3,F3-z4,35040,88.74143835616438,95.24543378995433,78.8527397260274,True,3
2019,3,F3-z5,35040,89.05251141552512,95.24543378995433,69.16952054794521,True,3
2019,4,F4-z1,35040,72.1689497716895,93.36757990867581,79.51769406392694,True,6
2019,4,F4-z2,35040,92.51712328767124,93.36757990867581,78.07077625570777,True,3
2019,4,F4-z3,35040,99.60901826484019,99.6917808219178,0.0,False,2
2019,4,F4-z4,35040,96.3670091324201,97.47716894977168,63.37043378995434,True,3
2019,4,F4-z5,35040,96.67237442922374,97.47716894977168,79.41780821917808,True,3
2019,5,F5-z1,35040,92.87671232876711,99.53196347031964,66.90639269406392,True,6
2019,5,F5-z2,35040,89.65753424657534,93.66152968036529,56.03310502283105,True,3
2019,5,F5-z3,35040,98.13070776255708,98.15068493150685,0.0,False,2
2019,5,F5-z4,35040,91.68949771689498,93.80422374429223,73.00228310502284,True,3
2019,5,F5-z5,35040,91.4925799086758,93.79566210045662,77.8167808219178,True,3
2019,6,F6-z1,35040,80.29109589041096,80.50513698630138,58.75570776255707,True,3
2019,6,F6-z2,35040,80.45947488584476,80.50513698630138,54.84303652968037,True,3
2019,6,F6-z3,35040,80.57077625570777,80.57077625570777,0.0,False,2
2019,6,F6-z4,35040,80.20833333333334,80.49657534246575,61.17865296803653,True,6
2019,6,F6-z5,35040,79.30365296803653,79.44634703196347,60.38527397260274,True,3
2019,7,F7-z1,35040,93.14497716894977,96.94063926940639,78.9925799086758,True,6
2019,7,F7-z2,35040,93.80707762557078,96.94063926940639,79.10673515981735,True,3
2019,7,F7-z3,35040,96.97488584474885,98.60730593607306,0.0,False,2
2019,7,F7-z4,35040,92.75114155251141,95.17123287671232,77.04052511415526,True,3
2019,7,F7-z5,35040,93.5074200913242,96.50399543378995,76.11586757990868,True,3
