file,rows,columns,start,end,bad_dates,outside_period_rows,expected_minutes,exact_duplicates,conflict_rows,missing_minutes,typical_step_min,largest_gap_min,missing_cells_pct
2018Floor1.csv,264960,11,2018-07-01,2018-12-31 23:59:00,0,0,264960,0,0,0,1.0,1.0,1.427007850241546
2018Floor2.csv,264960,36,2018-07-01,2018-12-31 23:59:00,0,0,264960,0,0,0,1.0,1.0,23.823323436661298
2018Floor3.csv,264960,29,2018-07-01,2018-12-31 23:59:00,0,0,264960,0,0,0,1.0,1.0,40.2274643928036
2018Floor4.csv,264960,29,2018-07-01,2018-12-31 23:59:00,0,0,264960,0,0,0,1.0,1.0,34.16874895885391
2018Floor5.csv,264960,29,2018-07-01,2018-12-31 23:59:00,0,0,264960,0,0,0,1.0,1.0,27.016114338664003
2018Floor6.csv,264960,29,2018-07-01,2018-12-31 23:59:00,0,0,264960,0,0,0,1.0,1.0,25.564639555222392
2018Floor7.csv,264960,29,2018-07-01,2018-12-31 23:59:00,0,0,264960,0,0,0,1.0,1.0,25.4145973888056
2019Floor1.csv,525600,11,2019-01-01,2019-12-31 23:59:00,0,0,525600,0,0,0,1.0,1.0,0.13603500761035006
2019Floor2.csv,525600,36,2019-01-01,2019-12-31 23:59:00,0,0,525600,0,0,0,1.0,1.0,7.1473236935565705
2019Floor3.csv,525600,29,2019-01-01,2019-12-31 23:59:00,0,0,525600,0,0,0,1.0,1.0,11.07901642785913
2019Floor4.csv,525600,29,2019-01-01,2019-12-31 23:59:00,0,0,525600,0,0,0,1.0,1.0,13.121745919277803
2019Floor5.csv,525600,29,2019-01-01,2019-12-31 23:59:00,0,0,525600,0,0,0,1.0,1.0,13.752381514722089
2019Floor6.csv,424169,29,2019-01-01,2019-10-22 13:27:00,1,0,525600,0,0,101432,1.0,1.0,10.715280124602257
2019Floor7.csv,525600,29,2019-01-01,2019-12-31 23:59:00,0,0,525600,0,0,0,1.0,1.0,9.548430693329134
