Date,F1-z1,F1-z2,F1-z3,F1-z4,F2-z1,F2-z2,F2-z3,F2-z4,F3-z1,F3-z2,F3-z3,F3-z4,F3-z5,F4-z1,F4-z2,F4-z3,F4-z4,F4-z5,F5-z1,F5-z2,F5-z3,F5-z4,F5-z5,F6-z1,F6-z2,F6-z3,F6-z4,F6-z5,F7-z1,F7-z2,F7-z3,F7-z4,F7-z5
2018-07,0.0,0.0,0.0,0.0,81.13636363636364,82.5,81.81818181818183,0.0,70.56818181818181,79.6590909090909,0.0,80.22727272727272,71.47727272727272,68.4090909090909,78.75,0.0,62.95454545454545,59.54545454545455,81.13636363636364,72.38636363636364,0.0,77.04545454545455,78.86363636363637,75.11363636363636,71.70454545454545,0.0,64.6590909090909,70.0,81.13636363636364,81.36363636363636,0.0,81.47727272727273,78.18181818181819
2018-08,0.0,0.0,0.0,0.0,77.06521739130436,78.47826086956522,79.02173913043478,0.0,76.41304347826086,77.5,0.0,78.15217391304347,49.891304347826086,65.1086956521739,74.1304347826087,0.0,70.76086956521739,74.02173913043478,79.67391304347827,71.52173913043478,0.0,78.80434782608695,76.08695652173914,77.06521739130436,78.04347826086956,0.0,65.54347826086956,72.06521739130434,77.93478260869566,78.15217391304347,0.0,78.91304347826087,73.47826086956522
2018-09,0.0,0.0,0.0,0.0,31.624999999999996,30.875000000000004,31.125000000000004,0.0,30.875000000000004,31.0,0.0,30.625000000000004,0.0,23.75,29.125,0.0,29.25,40.0,33.5,26.875,0.0,42.875,43.125,31.0,36.125,0.0,32.75,27.500000000000004,28.499999999999996,41.5,0.0,42.5,32.125
2018-10,0.0,0.0,0.0,0.0,0.0,0.0,0.0,0.0,0.0,0.0,0.0,0.0,0.0,0.0,0.0,0.0,0.0,0.0,0.0,0.0,0.0,0.0,0.0,0.0,0.0,0.0,0.0,0.0,0.0,0.0,0.0,0.0,0.0
2018-11,0.0,0.0,0.0,0.0,0.0,0.0,0.0,0.0,0.0,0.0,0.0,0.0,0.0,0.0,0.0,0.0,0.0,0.0,0.0,0.0,0.0,0.0,0.0,0.0,0.0,0.0,0.0,0.0,0.0,0.0,0.0,0.0,0.0
2018-12,0.0,0.0,0.0,0.0,0.0,0.0,0.0,0.0,0.0,0.0,0.0,0.0,0.0,0.0,0.0,0.0,0.0,0.0,0.0,0.0,0.0,0.0,0.0,0.0,0.0,0.0,0.0,0.0,0.0,0.0,0.0,0.0,0.0
2019-01,0.0,0.0,0.0,0.0,0.0,0.0,0.0,0.0,0.0,0.0,0.0,0.0,0.0,0.0,0.0,0.0,0.0,0.0,0.0,0.0,0.0,0.0,0.0,0.0,0.0,0.0,0.0,0.0,0.0,0.0,0.0,0.0,0.0
2019-02,0.0,0.0,0.0,0.0,0.0,0.0,0.0,0.0,0.0,0.0,0.0,0.0,0.0,0.0,0.0,0.0,0.0,0.0,0.0,0.0,0.0,0.0,0.0,0.0,0.0,0.0,0.0,0.0,0.0,0.0,0.0,0.0,0.0
2019-03,0.0,0.0,0.0,0.0,80.5952380952381,81.30952380952381,84.64285714285714,61.66666666666667,58.69047619047619,56.785714285714285,0.0,55.35714285714286,54.285714285714285,0.0,81.07142857142857,0.0,80.11904761904762,81.07142857142857,66.78571428571428,69.4047619047619,0.0,71.42857142857143,65.71428571428571,80.71428571428572,79.64285714285714,0.0,77.85714285714286,78.57142857142857,79.04761904761905,79.88095238095238,0.0,77.38095238095238,79.4047619047619
2019-04,0.0,0.0,0.0,0.0,99.20454545454545,98.18181818181819,98.18181818181819,97.38636363636364,84.20454545454545,73.06818181818183,0.0,78.29545454545455,79.43181818181819,1.25,23.75,0.0,91.81818181818183,93.86363636363636,91.81818181818183,83.63636363636363,0.0,36.70454545454545,82.72727272727273,95.79545454545455,95.0,0.0,97.5,91.70454545454545,90.79545454545455,97.38636363636364,0.0,89.77272727272727,91.02272727272728
2019-05,0.0,0.0,0.0,0.0,98.04347826086956,97.5,97.17391304347827,99.23913043478261,98.26086956521739,97.3913043478261,0.0,88.80434782608695,29.565217391304348,17.17391304347826,97.28260869565217,0.0,39.02173913043478,96.52173913043478,96.41304347826087,50.97826086956522,0.0,88.91304347826086,91.63043478260869,88.47826086956522,93.15217391304348,0.0,98.36956521739131,94.78260869565217,94.45652173913044,96.84782608695653,0.0,95.97826086956522,59.2391304347826
2019-06,0.0,0.0,0.0,0.0,98.375,96.75,96.5,97.375,98.0,97.625,0.0,95.875,93.625,84.875,94.75,0.0,95.375,96.125,96.0,93.0,0.0,93.875,89.375,77.0,97.25,0.0,97.5,96.25,93.75,95.375,0.0,90.375,96.125
2019-07,0.0,0.0,0.0,0.0,63.80434782608696,97.06521739130434,93.69565217391305,97.71739130434783,97.3913043478261,98.26086956521739,0.0,95.1086956521739,93.47826086956522,92.82608695652173,96.08695652173913,0.0,91.19565217391305,95.76086956521739,96.19565217391305,63.04347826086957,0.0,89.67391304347827,89.89130434782608,96.73913043478261,96.52173913043478,0.0,96.84782608695653,96.52173913043478,94.23913043478261,97.71739130434783,0.0,96.08695652173913,95.43478260869566
2019-08,0.0,0.0,0.0,0.0,99.31818181818181,99.31818181818181,98.18181818181819,99.31818181818181,95.9090909090909,98.52272727272727,0.0,94.31818181818183,90.0,98.29545454545455,97.8409090909091,0.0,54.77272727272727,91.5909090909091,38.06818181818182,0.0,0.0,96.13636363636363,95.3409090909091,97.1590909090909,95.11363636363637,0.0,98.06818181818183,95.56818181818181,96.47727272727272,95.22727272727273,0.0,97.27272727272728,98.06818181818183
2019-09,0.0,0.0,0.0,0.0,97.97619047619047,95.5952380952381,93.0952380952381,96.19047619047619,95.47619047619048,97.14285714285714,0.0,94.64285714285714,47.38095238095238,96.19047619047619,94.88095238095238,0.0,6.309523809523809,95.23809523809523,5.714285714285714,6.190476190476191,0.0,94.64285714285714,95.11904761904762,95.35714285714286,95.11904761904762,0.0,94.04761904761905,92.85714285714286,94.52380952380952,94.16666666666667,0.0,96.78571428571429,96.42857142857143
2019-10,0.0,0.0,0.0,0.0,95.76086956521739,97.28260869565217,95.97826086956522,98.91304347826086,96.30434782608695,98.04347826086956,0.0,96.30434782608695,94.67391304347827,96.19565217391305,96.52173913043478,0.0,91.41304347826087,94.56521739130434,95.54347826086956,92.5,0.0,94.56521739130434,92.3913043478261,65.1086956521739,1.956521739130435,0.0,64.67391304347827,61.41304347826087,94.56521739130434,94.34782608695652,0.0,76.84782608695652,94.1304347826087
2019-11,0.0,0.0,0.0,0.0,98.92857142857143,98.69047619047619,93.92857142857143,95.71428571428572,87.97619047619048,95.83333333333334,0.0,96.78571428571429,94.52380952380952,82.38095238095238,85.0,0.0,80.5952380952381,82.26190476190476,97.73809523809524,94.88095238095238,0.0,97.73809523809524,95.23809523809523,0.0,0.0,0.0,0.0,0.0,96.42857142857143,94.88095238095238,0.0,98.45238095238096,95.47619047619048
2019-12,0.0,0.0,0.0,0.0,99.0909090909091,98.18181818181819,98.29545454545455,98.86363636363636,35.68181818181818,96.81818181818181,0.0,90.0,88.52272727272728,96.81818181818181,96.02272727272727,0.0,87.8409090909091,86.81818181818181,95.56818181818181,92.61363636363636,0.0,78.86363636363637,93.52272727272727,0.0,0.0,0.0,0.0,0.0,94.6590909090909,96.93181818181819,0.0,97.95454545454545,96.25
