year,zone_id,work_pairs,work_pair_coverage_pct,lux_unique,work_lux_median,below_target_pct,zero_lux_lights_on_pct,light_lux_corr,work_light_kw,offhours_light_kw
2018,F1-z1,0,0.0,0,,,,,0.997745680450398,8.637418357958541
2018,F1-z2,0,0.0,0,,,,,14.52981928566815,14.870297083231963
2018,F1-z3,0,0.0,0,,,,,25.1518568774425,22.98985554567741
2018,F1-z4,0,0.0,0,,,,,2.403503747837786,23.33336770925941
2018,F2-z1,1677,32.00381679389313,61,78.0,100.0,0.655933214072749,0.9022205727583719,7.896528986896772,0.9184079682130584
2018,F2-z2,1705,32.538167938931295,86,105.0,100.0,0.05865102639296188,0.7281749254148062,1.843687575931965,0.12450161082474227
2018,F2-z3,1696,32.36641221374046,11,5.0,100.0,1.7688679245283019,0.15191806695484142,0.8812112496005113,0.3622330326460481
2018,F2-z4,0,0.0,0,,,,,1.8508513332054481,0.20297465635738834
2018,F3-z1,1572,30.0,34,36.0,100.0,0.826972010178117,0.7750145229870197,4.515214555610317,0.6569076013688686
2018,F3-z2,1663,31.736641221374047,29,75.0,100.0,0.06013229104028864,0.9592786787604298,5.582143340764595,0.8454557399723375
2018,F3-z3,0,0.0,0,,,,,0.8719689425684004,0.24404583635797986
2018,F3-z4,1671,31.889312977099237,39,33.0,100.0,1.5559545182525434,0.8838526351929918,2.7009573175947312,0.3373853578906278
2018,F3-z5,1088,20.763358778625953,25,34.0,100.0,0.09191176470588235,0.9499689981703408,2.0663276024292188,0.1487008055644274
2018,F4-z1,1546,29.50381679389313,49,38.0,100.0,0.0646830530401035,0.8088821357300884,4.050830729166666,0.6405757668399062
2018,F4-z2,1609,30.706106870229007,59,37.0,100.0,0.6836544437538844,0.7318343663235953,2.2685991210937497,0.3248808043751486
2018,F4-z3,0,0.0,0,,,,,0.6862846640199971,0.2412198034352898
2018,F4-z4,1440,27.480916030534353,59,60.0,100.0,0.20833333333333334,0.7844102562138948,3.186997295147176,0.8578809990846084
2018,F4-z5,1526,29.12213740458015,59,47.0,100.0,2.7522935779816518,0.8339346728565188,1.4303264916467782,0.08144461880476003
2018,F5-z1,1718,32.786259541984734,51,56.0,100.0,1.571594877764843,0.9334416085163681,4.805886903593167,0.562976146992086
2018,F5-z2,1511,28.83587786259542,28,42.0,100.0,0.5294506949040371,0.9673602653235236,3.1511904082603084,0.30705365463224993
2018,F5-z3,0,0.0,0,,,,,0.6879501741931243,0.18818661561511568
2018,F5-z4,1747,33.33969465648855,74,55.0,100.0,0.6296508299942759,0.4555835795828978,3.1537220801364025,0.7065774987647861
2018,F5-z5,1740,33.20610687022901,29,34.0,100.0,0.0,0.9734479082856642,2.48273273657289,0.386060743453367
2018,F6-z1,1619,30.896946564885496,34,50.0,100.0,0.06176652254478073,0.6607380141298101,3.3273299980758124,0.5024474406588083
2018,F6-z2,1639,31.278625954198475,29,54.0,100.0,1.586333129957291,0.8934248799033269,6.230654095311397,1.335982076538027
2018,F6-z3,0,0.0,0,,,,,1.7824883691206546,0.5747742697594501
2018,F6-z4,1588,30.30534351145038,49,30.0,100.0,2.5818639798488663,0.6676215112873511,3.8189857768790025,0.47059263681592045
2018,F6-z5,1500,28.625954198473284,67,53.0,100.0,0.8,0.8511105929742763,2.2983633381176953,0.22939004889272363
2018,F7-z1,1660,31.6793893129771,67,27.0,100.0,2.9518072289156625,0.7551774184232819,1.8024998721881391,0.3528103216798239
2018,F7-z2,1769,33.75954198473283,36,39.0,100.0,2.7699265121537593,0.6381805990586007,2.23894018404908,0.6043311315181783
2018,F7-z3,0,0.0,0,,,,,0.240732745398773,0.10704129080756014
2018,F7-z4,1784,34.045801526717554,84,47.0,100.0,0.336322869955157,0.7271991285240739,3.6375289229785874,0.8914731529209621
2018,F7-z5,1622,30.954198473282442,36,65.0,100.0,0.7398273736128237,0.9391116880016159,3.9111028838161013,0.8472259450171821
2019,F1-z1,0,0.0,0,,,,,1.997078603886687,8.232631203053812
2019,F1-z2,0,0.0,0,,,,,8.861763247043784,7.782051889544745
2019,F1-z3,0,0.0,0,,,,,21.1980346403349,20.829553321120837
2019,F1-z4,0,0.0,0,,,,,1.6747025886864815,22.211763257884165
2019,F2-z1,8110,77.68199233716476,70,71.0,100.0,0.12330456226880394,0.9352962031098764,7.091408082358207,0.6465326548612524
2019,F2-z2,8401,80.46934865900383,63,44.0,100.0,0.07142006903940007,0.7997485793012659,1.8912832644164506,0.08947801719447164
2019,F2-z3,8286,79.36781609195403,15,4.0,100.0,1.3999517258025584,0.13181695897769574,0.8835717117462754,0.37774209919261825
2019,F2-z4,8246,78.98467432950191,54,41.0,100.0,0.2910502061605627,0.9220279835191835,1.5867871769708866,0.11224502016883603
2019,F3-z1,7811,74.81800766283524,44,32.0,100.0,0.6785302778133402,0.8446745640597809,4.359979854182654,0.6378766548535582
2019,F3-z2,8140,77.96934865900383,39,69.0,100.0,1.1793611793611793,0.9489781921222438,5.235144307752392,0.8190884916694253
2019,F3-z3,0,0.0,0,,,,,0.9108993288590604,0.2583728795157832
2019,F3-z4,8051,77.11685823754789,42,29.0,100.0,2.0370140355235375,0.7865475799115333,2.5919410029498526,0.3374742922179542
2019,F3-z5,6960,66.66666666666667,52,36.0,100.0,0.45977011494252873,0.901980393265328,2.099167404129793,0.17988308436477451
2019,F4-z1,7646,73.2375478927203,65,61.0,100.0,0.013078733978550874,0.8621577226094437,3.867986608982283,0.5726936427909134
2019,F4-z2,7656,73.33333333333333,81,53.0,100.0,0.052246603970741906,0.6358597913695474,1.718169619557753,0.22738711172925358
2019,F4-z3,0,0.0,0,,,,,0.6216875560681789,0.2166990650141335
2019,F4-z4,6404,61.34099616858238,79,56.0,100.0,0.03123048094940662,0.7952516650118665,2.9840625041034734,0.819598811210177
2019,F4-z5,8087,77.46168582375479,85,67.0,100.0,0.24731049833065416,0.8637655228383613,1.4237407918061848,0.10087381607088297
2019,F5-z1,7033,67.36590038314176,58,44.0,100.0,0.14218683349921798,0.7662969664304774,4.0980172092724585,0.5634510220189979
2019,F5-z2,5745,55.02873563218391,41,32.0,100.0,0.5744125326370757,0.8794978415889578,3.2644228547854786,0.41519027231183964
2019,F5-z3,0,0.0,0,,,,,0.6841518674090717,0.21826942661974746
2019,F5-z4,7389,70.77586206896552,58,44.0,100.0,0.8932196508323184,0.5046758105197862,3.1873259877115294,0.7213810346316607
2019,F5-z5,7860,75.28735632183908,27,43.0,100.0,0.0,0.9813991313204091,2.538674426589754,0.41114091602613934
2019,F6-z1,6127,58.68773946360153,45,47.0,100.0,0.04896360372123388,0.9224067795579457,3.2247161786876144,0.6003252722101614
2019,F6-z2,5685,54.45402298850575,37,59.0,100.0,0.4221635883905013,0.8727575726199841,5.595019836546854,1.3291139832719074
2019,F6-z3,0,0.0,0,,,,,1.6693724091467523,0.5622879437633487
2019,F6-z4,6369,61.00574712643678,26,40.0,100.0,1.350290469461454,0.9036475571576571,3.6114575396825397,0.4853725806994514
2019,F6-z5,6214,59.52107279693487,60,47.0,100.0,0.9494689411007402,0.8510392981064336,2.10464506508685,0.2615352379005468
2019,F7-z1,8221,78.74521072796935,66,3.0,100.0,1.0461014475124681,0.6169752064440767,1.903768124546474,0.35227600368787204
2019,F7-z2,8258,79.09961685823755,48,36.0,100.0,0.5207071930249455,0.656397331825087,2.5603118939244016,0.6854891179839633
2019,F7-z3,0,0.0,0,,,,,0.1269384226884227,0.09836345646437995
2019,F7-z4,8059,77.19348659003832,57,53.0,100.0,1.1539893287008314,0.6139225798036451,3.926684773828756,0.9535395836887904
2019,F7-z5,7866,75.34482758620689,52,60.0,100.0,1.2967200610221206,0.6981212964921364,4.311891340356457,0.8317431061339621
